content,presence
The price for this currency is subject to change with foreign exchange rate. For reference only.,0
item(s) just added to the cart,0
The price for this currency is subject to change with foreign exchange rate. For reference only.,0
Lao People's Democratic Republic,0
The minimum order quantity is 2 Pieces,0
In Stock,0
Hot sale in,0
In-Stock Items,0
Available Quantity:,0
7 days sample order lead time:,0
Selling Units:,0
Est. Time(days),0
Recommend matching suppliers if this supplier doesnâ€™t contact me on Message Center within 24 hours.,0
Frequently bought together,0
