content,classification
Price from low to high,1
Price from high to low,1
Price High - Low,1
Price Low - High,1
Cart is currently empty,1
Please enable cookies.,1
This item will be in stock soon,1
Will be in stock in December,1
Will be in stock soon,1
2021-10-19 10:32:03 UTC,1
Access denied,1
What happened?,1
Limited Edition,1
Summer limited edition,1
UK Limited,1
Free delivery,1
Ireland Limited,1
This website is using a security service to protect itself from online attacks.,1
Cloudflare Ray ID:,1
Your IP: 213.233.155.133,1
Performance & security by,1
content,1
Please enable cookies.,1
Ray ID: 6a09582b2cd360d4 â€¢,1
2021-10-19 10:32:46 UTC,1
Access denied,1
What happened?,1
This website is using a security service to protect itself from online attacks.,1
Cloudflare Ray ID:,1
Your IP: 213.233.155.171,1
Performance & security by,1
Select Your Cookie Preferences,1
Cookie Notice,1
"If you agree, weâ€™ll also use cookies to complement your shopping experience across the Amazon stores as described in our",1
Cookie Notice,1
third-party cookies,1
Cookie Preferences,1
Privacy Notice,1
"Sorry, there was a problem saving your cookie preferences. Try again.",1
Accept Cookies,1
Customise Cookies,1
Skip to main content,1
Deliver to,1
"Ireland, Republic of",1
Select the department you want to search in,1
All Departments,1
Alexa Skills,1
Amazon Devices,1
Amazon Global Store,1
Amazon Warehouse,1
Apps & Games,1
Audible Audiobooks,1
Car & Motorbike,1
CDs & Vinyl,1
Classical Music,1
Computers & Accessories,1
Digital Music,1
DIY & Tools,1
DVD & Blu-ray,1
Electronics & Photo,1
Garden & Outdoors,1
Gift Cards,1
Health & Personal Care,1
Home & Business Services,1
Home & Kitchen,1
Industrial & Scientific,1
Kindle Store,1
Large Appliances,1
Musical Instruments & DJ Equipment,1
PC & Video Games,1
Pet Supplies,1
Premium Beauty,1
Prime Video,1
Shoes & Bags,1
Sports & Outdoors,1
Stationery & Office Supplies,1
Toys & Games,1
"window.navmet.push({key:'Search',end:+new Date(),begin:window.navmet.tmp});",1
window.navmet.tmp=+new Date();,1
"Hello, Sign in",1
Account & Lists,1
& Orders,1
"window.navmet.push({key:'Tools',end:+new Date(),begin:window.navmet.tmp});",1
Sign in,1
New customer?,1
Start here.,1
Your Lists,1
Find a Gift,1
Create a List,1
Save Items from the Web,1
Wedding List,1
Baby Wishlist,1
Kids' Wish List,1
Discover Your Style,1
Explore Showroom,1
Your Account,1
Your Account,1
Your Orders,1
Your Lists,1
Your Recommendations,1
Your Subscribe & Save Items,1
Your Pets,1
Memberships & Subscriptions,1
Your Prime Membership,1
Register for a Business Account,1
Manage Your Content and Devices,1
Your Kindle Unlimited,1
Your Music Subscriptions,1
Your Music,1
Your Amazon Drive,1
Your Prime Video,1
Your Watchlist,1
Your Video Purchases & Rentals,1
Your Games and Software Library,1
Your Apps & Devices,1
Sign in,1
New customer?,1
Start here.,1
window.navmet.tmp=+new Date();,1
"window.navmet.push({key:'HamburgerMenuIcon',end:+new Date(),begin:window.navmet.tmp});",1
window.navmet.tmp=+new Date();,1
Best Sellers,1
Customer Service,1
Gift Ideas,1
New Releases,1
Today's Deals,1
PC & Video Games,1
Home & Garden,1
Gift Cards & Top Up,1
Toys & Games,1
Sports & Outdoors,1
Health & Personal Care,1
Pet Supplies,1
Car & Motorbike,1
Kindle Books,1
Shopper Toolkit,1
Prime Video,1
Free Delivery,1
Subscribe & Save,1
Sell on Amazon,1
Wish Lists,1
Disability Customer Support,1
"window.navmet.push({key:'CrossShop',end:+new Date(),begin:window.navmet.tmp});",1
window.navmet.tmp=+new Date();,1
"window.navmet.push({key:'SWM',end:+new Date(),begin:window.navmet.tmp});",1
window.navmet.tmp=+new Date();,1
Today's Deals,1
Warehouse Deals,1
Subscribe & Save,1
Amazon Family,1
Amazon Prime,1
Prime Video,1
Prime Student,1
Mobile Apps,1
Amazon Pickup Locations,1
Amazon Assistant,1
1-16 of 837 results for,1
"""graphic card""",1
Sort by:,1
Price: Low to High,1
Price: High to Low,1
Avg. Customer Review,1
Newest Arrivals,1
Sort by:,1
Filter by price,1
Up to Â£15,1
Â£15 to Â£50,1
Â£50 to Â£100,1
Â£100 to Â£200,1
Â£200 to Â£500,1
Â£500 & above,1
Youâ€™re seeing this ad based on the productâ€™s relevance to your search query.,1
Let us know,1
Get it,1
"Friday, Oct 22",1
FREE Delivery on your first order shipped by Amazon,1
Youâ€™re seeing this ad based on the productâ€™s relevance to your search query.,1
Let us know,1
"GT730 Computer Graphics Cards, 4G 64bit 1200MHz DDR3 Graphics Cards, PCI Express 2.0 Slot for Desktop Computer",1
4.1 out of 5 stars,1
Â£10.00 voucher applied at checkout,1
Save Â£10.00,1
with voucher,1
Get it,1
"Friday, Oct 22",1
FREE Delivery by Amazon,1
RAM Size,1
4 GB,1
RAM Type,1
Graphics Card,1
Memory Clock Speed,1
4.4 out of 5 stars,1
RAM Size,1
1024 MB,1
RAM Type,1
DDR3 SDRAM,1
Graphics Card,1
Memory Clock Speed,1
1600 MHz,1
"for ""graphic card""",1
"ASUS PH-GT1030-O2G PCI Express Graphics Card (NVIDIA Geforce, GDDR5 64 Bit Memory) - Black",1
4.5 out of 5 stars,1
FREE Delivery by Amazon,1
More buying choices,1
(10 used & new offers),1
RAM Size,1
2 MB,1
RAM Type,1
Graphics Card,1
PCI-Express x16,1
Memory Clock Speed,1
6000 MHz,1
Gigabyte GeForce RTX 2060 D6 6GB V2 Graphics Card,1
4.2 out of 5 stars,1
RAM Size,1
6 GB,1
RAM Type,1
Graphics Card,1
PCI-Express x16,1
Memory Clock Speed,1
14000 MHz,1
Recommended article,1
Recommended article,1
Written by,1
Earns commissions,1
The Best Graphics Cards,1
"Aug 02, 2021 - 3 Recommendations",1
Read full article,1
Best Overall,1
4.4 out of 5 stars,1
Runner Up,1
"ASUS PH-GT1030-O2G PCI Express Graphics Card (NVIDIA Geforce, GDDR5 64 Bit Memory) - Black",1
4.5 out of 5 stars,1
Best Budget Option,1
"PCI Graphics Card, VGA Card Network Adapter Card, 8MB 32Bit, Low Profile, for Server/Desktop/Industrial Computer Display",1
3.5 out of 5 stars,1
4.4 out of 5 stars,1
RAM Size,1
2048 MB,1
RAM Type,1
DDR3 SDRAM,1
Graphics Card,1
Memory Clock Speed,1
1800 MHz,1
"Palit GeForce GTX 1050 Ti StormX 4 GB GDDR5 Graphics Card, DiplayPort, HDMI, Dual-Link DVI-D, Grey",1
4.6 out of 5 stars,1
RAM Size,1
4 GB,1
RAM Type,1
Graphics Card,1
PCI-Express x16,1
Memory Clock Speed,1
3500 MHz,1
4.3 out of 5 stars,1
Get it,1
"Tuesday, Oct 26",1
"Tuesday, Nov 2",1
Â£9.99 delivery,1
RAM Size,1
2 MB,1
RAM Type,1
Graphics Card,1
Memory Clock Speed,1
6000 MHz,1
4.4 out of 5 stars,1
RAM Size,1
8 GB,1
RAM Type,1
DDR5 SDRAM,1
Graphics Card,1
PCI-Express x4,1
Memory Clock Speed,1
7000 MHz,1
"Asus Ceberus GTX1050 Ti Advanced Graphic Card (4GB DDR5, PCIe3, DVI, HDMI, DP, 1442MHz OC), Black",1
4.5 out of 5 stars,1
RAM Size,1
RAM Type,1
DDR5 SDRAM,1
Graphics Card,1
PCI-Express x16,1
Memory Clock Speed,1
Youâ€™re seeing this ad based on the productâ€™s relevance to your search query.,1
Let us know,1
Get it,1
"Friday, Oct 22",1
FREE Delivery on your first order shipped by Amazon,1
Zotac ZT-71115-20L GeForce GT 730 4 GB Graphics Card,1
4.3 out of 5 stars,1
Get it,1
"Friday, Oct 22",1
"Monday, Oct 25",1
FREE Delivery,1
RAM Size,1
4 GB,1
RAM Type,1
DDR3 SDRAM,1
Graphics Card,1
Memory Clock Speed,1
1600 MHz,1
"Palit GeForce GT 710 2 GB DDR3 Graphics Card, HDMI, VGA, Dual-Link DVI-D, Passive Cooler",1
4.3 out of 5 stars,1
Get it,1
"Friday, Oct 22",1
FREE Delivery by Amazon,1
More buying choices,1
(4 new offers),1
RAM Size,1
2 GB,1
RAM Type,1
DDR3 SDRAM,1
Graphics Card,1
Memory Clock Speed,1
1600 MHz,1
4.3 out of 5 stars,1
Get it,1
"Wednesday, Oct 27",1
"Tuesday, Nov 2",1
FREE Delivery,1
More buying choices,1
(4 used & new offers),1
RAM Size,1
2 GB,1
RAM Type,1
Graphics Card,1
Memory Clock Speed,1
667 MHz,1
4.7 out of 5 stars,1
RAM Size,1
4 MB,1
RAM Type,1
Graphics Card,1
PCI-Express x16,1
Memory Clock Speed,1
7108 MHz,1
Youâ€™re seeing this ad based on the productâ€™s relevance to your search query.,1
Let us know,1
SEDNA - PCI VGA Display Card - ATI Rage XL with 8M RAM,1
Get it,1
"Friday, Oct 22",1
FREE Delivery by Amazon,1
RAM Size,1
RAM Type,1
Graphics Card,1
Memory Clock Speed,1
Razer Core X External Graphics Card Case with Thunderbolt 3 for Windows 10 Black,1
4.4 out of 5 stars,1
33% off Xbox Game Pass for PC,1
Get it,1
"Friday, Oct 22",1
FREE Delivery by Amazon,1
More buying choices,1
(2 used & new offers),1
"MSI GeForce GTX 1660Ti VENTUS XS 6G OC Graphics Card '6GB GDDR6, 1830MHz, 3x DisplayPort, HDMI, Dual Fan Cooling System'",1
4.6 out of 5 stars,1
RAM Size,1
6 GB,1
RAM Type,1
Graphics Card,1
Memory Clock Speed,1
12000 MHz,1
Gigabyte GeForce GTX 1050 Ti 4 GB GDDR5 128 bit Graphics Card (GV-N105TOC-4GD),1
4.6 out of 5 stars,1
RAM Size,1
4 GB,1
RAM Type,1
Graphics Card,1
Memory Clock Speed,1
7008 MHz,1
4.4 out of 5 stars,1
RAM Size,1
4 MB,1
RAM Type,1
Graphics Card,1
Memory Clock Speed,1
7000 MHz,1
Youâ€™re seeing this ad based on the productâ€™s relevance to your search query.,1
Let us know,1
"SLI Bridge 2 Way,10cm 26pin Flexible Graphic Card PCI-e Connection Cable for Dual Nvidia Graphic Card Crossfire Interconnect",1
5.0 out of 5 stars,1
Get it,1
"Friday, Oct 22",1
FREE Delivery on your first order shipped by Amazon,1
Youâ€™re seeing this ad based on the productâ€™s relevance to your search query.,1
Let us know,1
3.9 out of 5 stars,1
Get it,1
"Friday, Oct 22",1
FREE Delivery by Amazon,1
RAM Size,1
64 GB,1
RAM Type,1
Graphics Card,1
"PCI, PCI-E",1
Memory Clock Speed,1
Related searches,1
graphic card for gaming pc,1
rtx 2060,1
gtx 1660,1
Do you need help?,1
Visit the help section,1
contact us,1
Go back to filtering menu,1
Skip to main search results,1
Eligible for free delivery,1
Free UK Delivery by Amazon,1
FREE Delivery on orders over Â£10 for books or over Â£20 for other categories shipped by Amazon,1
Climate Pledge Friendly,1
Climate Pledge Friendly,1
Components & Replacement Parts,1
Graphics Cards,1
Fans & Cooling,1
Desktop PCs,1
Cables & Accessories,1
Computers & Accessories,1
Electronics & Photo,1
Industrial & Scientific,1
Stationery & Office Supplies,1
Sports & Outdoors,1
Home & Kitchen,1
Toys & Games,1
Everything Else,1
Musical Instruments & DJ Equipment,1
See All 13 Departments,1
Customer Review,1
4 Stars & Up,1
& Up,1
3 Stars & Up,1
& Up,1
2 Stars & Up,1
& Up,1
1 Star & Up,1
& Up,1
See more,1
Up to Â£15,1
Â£15 to Â£50,1
Â£50 to Â£100,1
Â£100 to Â£200,1
Â£200 to Â£500,1
Â£500 & above,1
Today's Deals,1
From Our Brands,1
Our Brands,1
Graphics Processor,1
AMD FirePro Series,1
AMD Radeon HD Series,1
AMD Radeon Pro Series,1
AMD Radeon R5 Series,1
AMD Radeon R7 Series,1
AMD Radeon R9 Series,1
AMD Radeon RX 400 Series,1
AMD Radeon RX 500 Series,1
AMD Radeon RX Vega Series,1
ATI Fire Pro Series,1
Intel HD Graphics,1
Intel Iris Graphics,1
Intel Iris Pro Graphics,1
Intel Iris Plus Graphics,1
Nvidia GeForce Series,1
Intel UHD Graphics,1
Nvidia GeForce GT Series,1
Nvidia GeForce GTX Series,1
Nvidia GeForce RTX Series,1
Nvidia Quadro K Series,1
Nvidia Quadro M Series,1
ATI Radeon Series,1
Nvidia Quadro P Series,1
Nvidia Quadro RTX Series,1
Nvidia Tesla Series,1
Nvidia Titan Series,1
See more,1
Graphics Card Interface,1
Amazon Global store,1
Amazon Global Store,1
International Shipping,1
International Shipping Eligible,1
Include Out of Stock,1
Your recently viewed items and featured recommendations,1
View or edit your browsing history,1
Your recently viewed items and featured recommendations,1
View or edit your browsing history,1
Back to top,1
Get to Know Us,1
About Us,1
UK Modern Slavery Statement,1
Make Money with Us,1
Sell on Amazon,1
Sell on Amazon Business,1
Sell on Amazon Handmade,1
Sell on Amazon Launchpad,1
Associates Programme,1
Fulfilment by Amazon,1
Seller Fulfilled Prime,1
Advertise Your Products,1
Independently Publish with Us,1
Amazon Pay,1
Host an Amazon Hub,1
See More Make Money with Us,1
Amazon Payment Methods,1
Amazon Platinum Mastercard,1
Amazon Classic Mastercard,1
Amazon Money Store,1
Gift Cards,1
Amazon Currency Converter,1
Payment Methods Help,1
Shop with Points,1
Top Up Your Account,1
Top Up Your Account in Store,1
Let Us Help You,1
COVID-19 and Amazon,1
Track Packages or View Orders,1
Delivery Rates & Policies,1
Amazon Prime,1
Returns & Replacements,1
Manage Your Content and Devices,1
Amazon Mobile App,1
Amazon Assistant,1
Customer Service,1
United Arab Emirates,1
United States,1
Amazon Music,1
Stream millions,1
of songs,1
"Books, art",1
& collectables,1
Audiobook Publishing,1
Made Easy,1
Amazon Web Services,1
Scalable Cloud,1
Computing Services,1
Download Audiobooks,1
Book Depository,1
Books With Free,1
Delivery Worldwide,1
Book reviews,1
& recommendations,1
Amazon Home Services,1
Experienced pros,1
Happiness Guarantee,1
"Movies, TV",1
& Celebrities,1
Kindle Direct Publishing,1
Indie Digital & Print Publishing,1
Made Easy,1
Fashion Brands,1
Amazon Warehouse,1
Deep Discounts,1
Open-Box Products,1
Amazon Business,1
Service for,1
business customers,1
Whole Foods Market,1
We Believe in,1
Real Food,1
Amazon Second Chance,1
"Pass it on, trade it in,",1
give it a second life,1
Conditions of Use & Sale,1
Privacy Notice,1
Cookies Notice,1
Interest-Based Ads Notice,1
"Â© 1996-2021, Amazon.com, Inc. or its affiliates",1
Opens in a new window,1
Opens an external website,1
Opens an external website in a new window,1
Privacy Policy,1
Manage Preferences,1
Accept All,1
Close Cookie Preferences,1
All Sunglasses,1
See More,1
"""Close Cart""",1
Fort Knocks,1
Fast Lanes,1
Paso Robles,1
Mai Tais,1
Mile Highs,1
Custom Sunglasses,1
Best Sellers,1
Special Releases,1
See More,1
"""Close Cart""",1
Limited Editions,1
Gift Guide,1
See More,1
"""Close Cart""",1
Gift Cards,1
See More,1
"""Close Cart""",1
About Us,1
The Knockmix,1
Contact Us,1
My Account,1
Track Order,1
Instagram Icon,1
Facebook Icon,1
Twitter Icon,1
Pinterest Icon,1
Youtube Icon,1
var setThreshold = 4000;,1
Free shipping on all orders over $40,1
My Account,1
Knockaround Mobile Menu Button,1
Shop Menu Back Button,1
Best Sellers,1
New Arrivals,1
Blue Light Blockers,1
Gift Cards,1
Shop By Style,1
SHOP ALL,1
Fort Knocks,1
Paso Robles,1
Pacific Palisades,1
Torrey Pines,1
Fast Lanes,1
Mai Tais,1
Deja Views,1
Seventy Nines,1
Mary Janes,1
Mile Highs,1
Mount Evans,1
Custom Shop Menu Back Button,1
"YOU DESIGN THEM, WE BUILD THEM",1
Explore over,1
Custom Premiums,1
Custom Fort Knocks,1
Custom Fast Lanes,1
Custom Mai Tais,1
Custom Torrey Pines,1
Custom Paso Robles,1
EXPLORE CUSTOM SHOP,1
SPECIAL RELEASES,1
Special Release Menu Back Button,1
SPECIAL RELEASES,1
Limited Editions,1
SHOP LIMITED EDITIONS,1
"Here at Knockaround, we love paying tribute to our favorite brands, projects, places, and sports teams.",1
SHOP COLLABORATIONS,1
All Special Releases,1
Special Release Menu Back Button,1
SHOP ALL SNOW GOGGLES,1
Extras Menu Back Button,1
Our Story,1
About Us,1
The Knockmix,1
Contact Us,1
SEE ALL,1
Veggie Versions of Your Favorite Meaty Foods,1
What Do Your Sunglasses Say About You?,1
SEE ALL,1
My Account,1
Instagram Icon,1
Facebook Icon,1
Twitter Icon,1
Pinterest Icon,1
Knockaround Search Icon,1
Knockaround Shopping Cart,1
Black / Moonshine,1
Rated 4.9 out of 5,1
610 Reviews,1
Based on 610 reviews,1
Click to go to reviews,1
5 Questions,1
Regular price,1
available for orders over $35,1
Lens style,1
Non-Polarized - $20.00 USD,1
Polarized - $25.00 USD,1
Lens style,1
Reduce item quantity by one,1
Increase item quantity by one,1
Add to Cart,1
Knock Points,1
for this purchase!,1
Free shipping on orders $40+,1
Matte black frames,1
White K logos,1
Blue moonshine mirrored lenses. Polarized option available,1
UV400 protection,1
FDA approved impact resistant lenses with laser etch logo detail,1
Refined arms and frame for superior comfort,1
Protective pouch included,1
"Returned / exchanged items must be in 100% resalable condition (unworn, unused, undamaged)",1
Timeframe begins at original purchase date,1
All returns and exchanges must be initiated from original point of sale (i.e.: Knockaround.com),1
We do,1
"currently accept returns or exchanges on Custom Shop orders, Limited Editions, Collaborations, Knock Boxes, Sale Items, or",1
any international orders,1
"To see full Return Policy information and instructions on how to initiate a return or exchange, visit our",1
Size Guide,1
"Guy or girl, itâ€™s hard to go wrong with this modern take on a timeless design.",1
51mm Lens  |  18mm Bridge  |  143mm Temple,1
Frame: 140mm Width  |  52mm Height,1
Small to medium sized head shape.,1
"Square, rectangular or oval faces.",1
"Perfect for, well, any occasion.",1
RELATED PRODUCTS,1
Premiums Sport,1
Rubberized Navy / Mint Premiums Sport,1
Add to Cart,1
Soft Cases,1
Tangerine Dream,1
Add to Cart,1
Black / Green Moonshine Premiums,1
Add to Cart,1
Frosted Grey / Red Sunset Classics,1
Add to Cart,1
Chums Original Sunglasses Strap,1
USA Flag,1
True Blue,1
Neon Yellow,1
Add to Cart,1
Black on Black / Smoke Premiums,1
Add to Cart,1
Black on Black / Smoke Classics,1
Add to Cart,1
Black / Sunset Classics,1
Add to Cart,1
Powered by Rebuy,1
average rating,1
out of 5,1
Based on 610 reviews,1
5 Stars,1
4 Stars,1
3 Stars,1
2 Stars,1
1 Star,1
of reviewers would recommend this product to a friend,1
Too Small,1
Like a glove,1
Too Big,1
Customer photos and videos,1
Write a Review,1
Sort by,1
Most Recent,1
Photos & Videos,1
Highest Rating,1
Lowest Rating,1
Most Helpful,1
Least Helpful,1
Review posted,1
2 months ago,1
Carolina O.,1
Reviewed by Carolina O.,1
Verified Buyer,1
Face Shape,1
Face Size,1
Rated 5 out of 5,1
Love these sun glasses.  Want every pair ðŸ˜«,1
Read more,1
I recommend this product,1
Too Small,1
Like a glove,1
Too Big,1
Was this helpful?,1
people voted yes,1
people voted no,1
Review posted,1
3 months ago,1
JESSICA C.,1
Reviewed by JESSICA C.,1
Verified Buyer,1
Face Shape,1
Face Size,1
Rated 5 out of 5,1
Love these glasses!!,1
Read more,1
I recommend this product,1
Too Small,1
Like a glove,1
Too Big,1
Was this helpful?,1
people voted yes,1
people voted no,1
Review posted,1
3 months ago,1
Chad S.,1
Reviewed by Chad S.,1
Verified Buyer,1
Face Shape,1
Face Size,1
Rated 5 out of 5,1
Great for the price,1
Great product for the price. Had a hiccup with shipping but they took care of me.,1
Read more,1
I recommend this product,1
Too Small,1
Like a glove,1
Too Big,1
Was this helpful?,1
people voted yes,1
people voted no,1
Review posted,1
3 months ago,1
Marisa L.,1
Reviewed by Marisa L.,1
Verified Buyer,1
Face Shape,1
Face Size,1
Rated 5 out of 5,1
Read more,1
I recommend this product,1
Too Small,1
Like a glove,1
Too Big,1
Was this helpful?,1
people voted yes,1
people voted no,1
Review posted,1
3 months ago,1
Daniel V.,1
Reviewed by Daniel V.,1
Verified Buyer,1
Face Shape,1
Face Size,1
Rated 5 out of 5,1
Solid quality,1
Read more,1
I recommend this product,1
Too Small,1
Like a glove,1
Too Big,1
Was this helpful?,1
people voted yes,1
people voted no,1
Review posted,1
3 months ago,1
Jennie M.,1
Reviewed by Jennie M.,1
Verified Buyer,1
Face Shape,1
Face Size,1
Rated 5 out of 5,1
Black Moonshine,1
"With a name like that, what's not to like, right.  Stylish and easy to wear.  Love them!",1
Read more,1
I recommend this product,1
Too Small,1
Like a glove,1
Too Big,1
Was this helpful?,1
people voted yes,1
people voted no,1
Review posted,1
3 months ago,1
Leslie S.,1
Reviewed by Leslie S.,1
Verified Buyer,1
Face Shape,1
Face Size,1
Rated 5 out of 5,1
perfect fit,1
Fits the description to a T,1
Read more,1
I recommend this product,1
Too Small,1
Like a glove,1
Too Big,1
Was this helpful?,1
people voted yes,1
people voted no,1
Review posted,1
3 months ago,1
Ying N.,1
Reviewed by Ying N.,1
Verified Buyer,1
Face Shape,1
Face Size,1
Rated 5 out of 5,1
Ying Ni,1
Read more,1
I recommend this product,1
Too Small,1
Like a glove,1
Too Big,1
Was this helpful?,1
people voted yes,1
people voted no,1
Review posted,1
3 months ago,1
Frank C.,1
Reviewed by Frank C.,1
Verified Buyer,1
Face Shape,1
Face Size,1
Rated 5 out of 5,1
Awesome Shades,1
Read more,1
I recommend this product,1
Too Small,1
Like a glove,1
Too Big,1
Was this helpful?,1
people voted yes,1
people voted no,1
Review posted,1
3 months ago,1
justin f.,1
Reviewed by justin f.,1
Verified Buyer,1
Face Shape,1
Face Size,1
Rated 5 out of 5,1
Great price great product,1
Responsive customer service and fast shipping,1
Read more,1
I recommend this product,1
Too Small,1
Like a glove,1
Too Big,1
Was this helpful?,1
people voted yes,1
people voted no,1
Show more,1
Ask a Question,1
Sort by,1
Most Recent,1
Most Helpful,1
Asked by nickname,1
Question asked,1
almost 2 years ago,1
How much do these weigh?,1
I have this question too,1
people voted yes,1
people voted no,1
Answered by,1
almost 2 years ago,1
Store answer,1
The shades weigh 0.90 oz without packaging.,1
Was this helpful?,1
people voted yes,1
people voted no,1
Evan B.,1
Asked by Evan B.,1
Question asked,1
over 2 years ago,1
I have this question too,1
people voted yes,1
people voted no,1
Answered by,1
over 2 years ago,1
Store answer,1
"Hi there,",1
We will be back in stock in the Purple Polarized Premiums lenses within the week. Thank you for your patience.,1
Was this helpful?,1
people voted yes,1
people voted no,1
Evan B.,1
Asked by Evan B.,1
Question asked,1
over 2 years ago,1
I have this question too,1
people voted yes,1
people voted no,1
Answered by,1
over 2 years ago,1
Store answer,1
"Hi Evan,",1
Was this helpful?,1
people voted yes,1
people voted no,1
Asked by Lisa,1
Question asked,1
over 2 years ago,1
"Would these work well on an oval, very small face? All sunglasses make me look like a bug!",1
I have this question too,1
people voted yes,1
people voted no,1
Answered by,1
over 2 years ago,1
Store answer,1
"Hi there,",1
I would recommend checking out our,1
Black / Moonshine Classics,1
"shades, they are our smallest frame style and fit best on small-medium face shapes.",1
Was this helpful?,1
people voted yes,1
people voted no,1
Kelly A.,1
Asked by Kelly A.,1
Question asked,1
over 3 years ago,1
What is the difference in your premium vs. Fort Knox?,1
I have this question too,1
people voted yes,1
people voted no,1
Answered by,1
over 3 years ago,1
Store answer,1
"Hi Arnold,",1
Hope this helps.,1
Was this helpful?,1
people voted yes,1
people voted no,1
Show more,1
About Us,1
Special Projects,1
Store Locator,1
Affiliate Program,1
Refer a Friend,1
Help Center,1
Privacy Policy,1
Contact Us,1
Track Order,1
Cookie Preferences,1
Get news & updates straight to your inbox!,1
Instagram Icon,1
Facebook Icon,1
Twitter Icon,1
Pinterest Icon,1
Youtube Icon,1
"Copyright Â© 2021 | Knockaround, LLC",1
Knockaround Search Icon,1
Your Cart,1
var setThreshold = 4000;,1
Free shipping on all orders over $40,1
Soft Case,1
Included with every custom pair,1
Your cart is currently empty.,1
add a soft case!,1
Powered by Rebuy,1
Knock Points,1
for this purchase!,1
SHOP SUNGLASSES,1
DESIGN YOUR OWN,1
Best Sellers,1
New Arrivals,1
Custom Sunglasses,1
Checkout â†’,1
Shipping & taxes calculated at checkout,1
Join Knockaround Rewards and start earning points today!,1
Learn more,1
"Enjoy a safe, convenient shopping experience.",1
Learn more,1
Skip to content,1
Accessibility Survey,1
Open until 8 pm,1
45 Bangor Mall Blvd,1
Store details,1
Find Another Store,1
Top Deals,1
Deal of the Day,1
Best Buy Totaltech,1
Health & Wellness,1
Credit Cards,1
Gift Ideas,1
St. Jude,1
Best Buy Business,1
Recently Viewed,1
Order Status,1
Saved Items,1
Main Content,1
Deal of the Day.,1
See Deal of the Day FAQs.,1
Viper - DS4+ Remote Start System - Black,1
Rated 4.4 out of 5 stars with 2016 Reviews,1
Your price for this item is $,1
Save $20,1
Was $319.99,1
The previous price was $319.99,1
Add to Cart,1
Bonus Deals of the Day,1
AfterShokz - Air Wireless Bone Conduction Open-Ear Headphones - Slate Gray,1
Rated 4.5 out of 5 stars with 1304 Reviews,1
Your price for this item is $,1
Save $30,1
Was $119.99,1
The previous price was $119.99,1
Add to Cart,1
Cubii - Jr. Elliptical Machine - Turquoise,1
Rated 4.7 out of 5 stars with 195 Reviews,1
Your price for this item is $,1
Save $70,1
Was $269.99,1
The previous price was $269.99,1
Add to Cart,1
Insigniaâ„¢ - 3.4qt Digital Air Fryer - Black,1
Rated 4.6 out of 5 stars with 4200 Reviews,1
Your price for this item is $,1
Save $70,1
Was $99.99,1
The previous price was $99.99,1
Add to Cart,1
"Hisense - 43"" Class H55 Series LED Full HD Smart Android TV",1
Rated 3.8 out of 5 stars with 235 Reviews,1
Your price for this item is $,1
Save $40,1
Was $289.99,1
The previous price was $289.99,1
Add to Cart,1
Ring - Wi-Fi Video Doorbell - Wired + Chime - Black,1
Rated 4.6 out of 5 stars with 384 Reviews,1
Your price for this item is $,1
Save $5,1
Was $79.99,1
The previous price was $79.99,1
Add to Cart,1
Ring - Wi-Fi Video Doorbell - Wired - Black,1
Rated 4.4 out of 5 stars with 148 Reviews,1
Your price for this item is $,1
Save $15,1
Was $59.99,1
The previous price was $59.99,1
Add to Cart,1
BISSELL - Big Green Machine Professional Corded Upright Deep Cleaner - Green,1
Rated 4.9 out of 5 stars with 385 Reviews,1
Your price for this item is $,1
Save $84.34,1
Was $484.33,1
The previous price was $484.33,1
Add to Cart,1
Bella Pro Series - Pro Series 6-Slice Toaster Oven - Stainless Steel,1
Rated 4.4 out of 5 stars with 1045 Reviews,1
Your price for this item is $,1
Save $50,1
Was $99.99,1
The previous price was $99.99,1
Add to Cart,1
Logitech - HD Webcam C270 - Black,1
Rated 4.5 out of 5 stars with 4275 Reviews,1
Your price for this item is $,1
Save $12,1
Was $39.99,1
The previous price was $39.99,1
Add to Cart,1
Save $79 on Walker Edison Modern glass-top 2-drawer computer desk in dark walnut or gray wash styles.,1
Shop Now,1
"Walker Edison - Farmhouse Barn Door TV Stand for most TVs up to 80"" - Gray Wash",1
Rated 4.3 out of 5 stars with 76 Reviews,1
Your price for this item is $,1
Save $80,1
Was $319.99,1
The previous price was $319.99,1
Add to Cart,1
Vanity Planet - Face & Body Cleansing System - White,1
Rated 4.2 out of 5 stars with 16 Reviews,1
Your price for this item is $,1
Save $10,1
Was $19.99,1
The previous price was $19.99,1
Add to Cart,1
Training Mask 3.0-Medium,1
Rated 3 out of 5 stars with 1 Review,1
Your price for this item is $,1
Save $20,1
Was $69.99,1
The previous price was $69.99,1
Add to Cart,1
Insigniaâ„¢ - 12' Composite A/V Cable - Black,1
Rated 4.5 out of 5 stars with 105 Reviews,1
Your price for this item is $,1
Save $10,1
Was $24.99,1
The previous price was $24.99,1
Add to Cart,1
Dynexâ„¢ - 2.4A USB Wall Outlet (2-Pack) - White,1
Rated 4.6 out of 5 stars with 1875 Reviews,1
Your price for this item is $,1
Save $10,1
Was $29.99,1
The previous price was $29.99,1
Add to Cart,1
Get the Deal of the Day delivered to you.,1
"Sign up for daily emails, texts or both.",1
Enter your email address,1
Edit your communication preferences,1
Enter your mobile phone number,1
"Texts are automated and consent is optional, not a condition of purchase. Message and data rates may apply.",1
Terms and Privacy Policy applyÂ â€º,1
Free next-day delivery,1
on thousands of items.,1
Ready in one hour,1
with Curbside Pickup.,1
Same-day delivery.,1
"Order by 3 p.m., get it by 9 p.m.",1
Get the deals you want right now.,1
Find gifts for everyone on your list with our guaranteed Black Friday prices.,1
Top Deals,1
Todayâ€™s featured deals and top tech. Valid through 10/22/21.*,1
Get previous slide,1
Featured Deals,1
Black Friday Prices Guaranteed,1
Laptops & Computers,1
TVs & Projectors,1
Video Games,1
Cell Phones,1
Major Appliances,1
Small Kitchen Appliances,1
PC Gaming,1
Sound Bars & Speakers,1
Cameras & Camcorders,1
Wearable Technology,1
Smart Home & Networking,1
Floor Care & Home Air Quality,1
Movies & Music,1
Fitness & Recovery,1
Personal Care & Beauty,1
Health & Wellness,1
Video & Streaming Media Players,1
Electric Transportation & Recreation,1
Home & Outdoor,1
Car Electronics & GPS,1
"Toys, Games & Collectibles",1
Baby Care,1
Gift Cards,1
Get next slide,1
Daily deals at Best Buy.,1
Where every day is a one-day sale.,1
laptop deals,1
deals for students,1
to help you or someone you know head off to college with the tech they need to succeed.,1
"While some sales, like our",1
Cyber Monday sale,1
hot deals,1
"on all of the tech you love, including some of the latest and most popular tech on the market.",1
Visit our Support Center,1
Check your Order Status,1
"Shipping, Delivery & Store Pickup",1
Returns & Exchanges,1
Price Match Guarantee,1
Order & Purchases,1
Check Order Status,1
"Shipping, Delivery & Pickup",1
Returns & Exchanges,1
Price Match Guarantee,1
Product Recalls,1
Trade-In Program,1
Gift Cards,1
Payment Options,1
My Best BuyÂ® Credit Card,1
Pay Your Bill at Citibank,1
Lease to Own,1
Support & Services,1
Visit our Support Center,1
Shop with an Expert,1
Schedule a Service,1
Manage an Appointment,1
Protection & Support Plans,1
Haul Away & Recycling,1
Contact Us,1
Rewards & Membership,1
Best Buy Totaltech,1
My Best Buy,1
View Points & Certificates,1
Member Offers,1
Affiliate Program,1
Advertise with Us,1
Best Buy Health,1
Best Buy Education,1
Best Buy Business,1
About Best Buy,1
Corporate Information,1
Corporate Responsibility & Sustainability,1
Discover & Learn,1
Accessibility Survey,1
Sign in or Create Account,1
Get the latest deals and more.,1
Email Address,1
Sign Up,1
Best Buy app,1
Learn more,1
"Forums, blogs & more",1
How was your experience?,1
Give feedback about our website,1
Mobile Site,1
Best Buy Canada,1
Terms & Conditions,1
Interest-Based Ads,1
California Privacy Rights,1
Do Not Sell My Personal Information,1
California Supply Chain Transparency Act,1
Activate to launch comment card,1
Sign in,1
Kitchen Appliances,1
Built-in cooking,1
Built-in Appliances,1
Learn More About,1
Price Promise,1
Small Appliances,1
Health & wellbeing,1
Sewing machines,1
Small kitchen appliances,1
Small cooking appliances,1
"Fans, heating & air treatment",1
Home accessories,1
Cookware and bakeware,1
Learn More About,1
Price Promise,1
TV & Entertainment,1
TV accessories,1
Digital and smart TV,1
"DVD, Blu-ray and home cinema",1
Price Promise,1
Learn More About,1
All audio,1
Wireless Speakers,1
Hi-Fi systems,1
Audio accessories,1
Home cinema systems,1
"IPod, MP3 & CD players",1
Price Promise,1
Desktop PCs,1
"iPad, Tablets & eReaders",1
Microsoft Surface,1
"Printers, scanners and ink",1
PC monitors,1
Price Promise,1
PC Accessories,1
Computer accessories,1
PC gaming accessories,1
Data storage,1
Components & upgrades,1
Laptop bags and cases,1
Office Supplies,1
Learn More About,1
Price Promise,1
Mobile phones,1
Mobile phone accessories,1
Home phones,1
Sat nav,1
Price Promise,1
Smart Tech,1
Smart watches and fitness,1
Smart home,1
Smart sound,1
Parent & Child,1
Electric mobility,1
Hobbies & toys,1
Sat nav,1
Learn More About,1
Price Promise,1
All cameras,1
Interchangeable lens cameras,1
Digital compact cameras,1
Photography accessories,1
Advice/ Buying guides,1
Price Promise,1
Console gaming,1
Console gaming accessories,1
Virtual reality,1
PC gaming,1
PC gaming accessories,1
Price Promise,1
Deals & Offers,1
Epic Deals,1
Popular Brands,1
As Advertised on TV,1
Our Experts Love,1
Buying Guides,1
Kitchen Appliances,1
Washing machines,1
Integrated washing machines,1
Washer dryers,1
Integrated washer dryers,1
Tumble dryers,1
Laundry accessories,1
Washer dryer buying guide,1
Washing machine buying guide,1
Integrated dishwashers,1
Dishwasher buying guide,1
All cookers,1
Gas cookers,1
Electric cookers,1
Dual fuel cookers,1
Range cookers,1
Cooking buying guide,1
Fridge freezers,1
American style fridge freezers,1
Integrated fridge freezers,1
Integrated fridges,1
Integrated freezers,1
Chest freezers,1
Wine cooling and mini refrigeration,1
Refrigeration buying guide,1
Built-in cooking,1
Built-in single ovens,1
Built-in double ovens,1
Built-under ovens,1
Built-in microwaves,1
Electric hobs,1
Gas hobs,1
Built-in Appliances,1
Integrated washer dryers,1
Integrated washing machines,1
Integrated dishwashers,1
Integrated fridge freezers,1
Expert installation,1
Recycle old appliances,1
Support and protection,1
Learn More About,1
Price Promise,1
Find Out More,1
Small Appliances,1
All vacuum cleaners,1
Upright vacuum cleaners,1
Cylinder vacuum cleaners,1
Cordless vacuum cleaners,1
Robot vacuum cleaners,1
Steam cleaners,1
Carpet cleaners,1
Surface cleaners,1
Window vacuum cleaners,1
Vacuum accessories,1
Floorcare buying guide,1
Coffee machines,1
Coffee accessories,1
Coffee buying guide,1
Health & wellbeing,1
Electric toothbrushes,1
Beauty and skin care,1
Mens grooming,1
Hair dryers,1
Hair stylers,1
Sewing machines,1
Small kitchen appliances,1
Juicers and blenders,1
Food mixers,1
Food processors,1
Small kitchen appliances buying guide,1
Small cooking appliances,1
Slow cookers,1
Sandwich toasters,1
Freestanding microwaves,1
Built-in microwaves,1
Microwave accessories,1
Microwave buying guide,1
"Fans, heating & air treatment",1
Electric Blankets,1
Air purifiers,1
"Fans, heating and air treatment buying guide",1
Home accessories,1
Steam generator irons,1
Cookware and bakeware,1
Utensils and gadgets,1
Kitchen accessories,1
Food and drink storage,1
Support and protection,1
Learn More About,1
Russell Hobbs,1
Price Promise,1
Find Out More,1
TV & Entertainment,1
All TVs,1
"75"" and above",1
"65"" - 74"" TVs",1
"55"" - 64"" TVs",1
"46"" - 54"" TVs",1
"39"" - 45"" TVs",1
"32"" - 38"" TVs",1
"Under 32""",1
4K Ultra HD TVs,1
8K TVs,1
Smart TVs,1
OLED TVs,1
QLED TVs,1
TV and entertainment buying guide,1
TV accessories,1
TV wall brackets,1
TV stands,1
Remote controls,1
TV aerials,1
AV senders,1
Cleaning products,1
Cables and accessories,1
Digital and smart TV,1
Set top boxes,1
Smart TV,1
Projector screens and accessories,1
Projector buying guide,1
"DVD, Blu-ray and home cinema",1
Home cinema systems,1
All soundbars,1
All-in-one soundbars,1
Cinematic soundbars,1
Blu-ray and DVD players,1
4K Ultra HD Blu-ray players,1
Portable DVD players,1
Expert installation,1
Recycle old appliances,1
Support and protection,1
Price Promise,1
Find Out More,1
Learn More About,1
All audio,1
Audio buying guide,1
Wireless Speakers,1
All speakers,1
Smart sound multi-room speakers,1
Portable bluetooth speakers,1
Voice controlled speakers,1
Hi-Fi systems,1
Traditional Hi-Fi systems,1
Party Hi-Fi systems,1
DAB radios,1
Internet radios,1
Clock radios,1
Audio accessories,1
Home cinema systems,1
Home cinema systems,1
All soundbars,1
All-in-one soundbars,1
Cinematic soundbars,1
Smart sound multi-room soundbars,1
All headphones,1
Wireless headphones,1
Noise cancelling headphones,1
Apple Headphones,1
Sports headphones,1
In-ear headphones,1
On-ear headphones,1
Premium headphones,1
"IPod, MP3 & CD players",1
iPod Touch,1
MP3 & multimedia players,1
Personal CD players,1
Support and protection,1
Price Promise,1
Find Out More,1
All laptops,1
Windows laptops,1
2 in 1 laptops,1
Gaming laptops,1
Microsoft Surface,1
Laptop buying guide,1
MacBook Air,1
MacBook Pro,1
Desktop PCs,1
All desktops,1
Windows 10 PCs,1
Tower desktops,1
All-in-one PCs,1
Gaming PCs,1
Desktop buying guide,1
Virtual reality,1
"iPad, Tablets & eReaders",1
All tablets,1
iPad Pro,1
Android tablets,1
Fire tablets,1
Microsoft Surface,1
Tablet buying guide,1
Microsoft Surface,1
All Microsoft Surface,1
Microsoft Surface Pro,1
"Printers, scanners and ink",1
All printers,1
Inkjet printers,1
Laser printers,1
Printer cartridges,1
Printer buying guide,1
PC monitors,1
4K Monitors,1
Gaming Monitors,1
"32"" or more",1
"27"" - 31""",1
"23"" - 26""",1
"22"" and less",1
Projector screens and accessories,1
Projector buying guide,1
Set-up & In-store Tutorials,1
Support and protection,1
Price Promise,1
Find Out More,1
PC Accessories,1
Computer accessories,1
Tablet accessories,1
Mice & Keyboard Packages,1
Headsets and microphones,1
PC speakers,1
Graphics tablets,1
Power and cables,1
Microsoft Surface accessories,1
PC gaming accessories,1
Gaming mice,1
Gaming keyboards,1
Game controllers and joysticks,1
Gaming headsets,1
Gaming surfaces,1
Graphics cards,1
Virtual reality,1
Internet security and antivirus,1
Operating systems,1
Microsoft Office,1
"Accounting, business and finance",1
PC optimisation software,1
"Education, leisure and reference",1
Creation and editing software,1
Data storage,1
External hard drives,1
Internal data storage,1
Solid state hard drives,1
USB flash drives,1
Cloud storage,1
Components & upgrades,1
Computer memory,1
Graphics cards,1
Internal data storage,1
"CD, DVD and Blu-ray drives",1
Tower cases,1
PC fans and coolers,1
Power supplies,1
Hard drive enclosures,1
Network switches,1
Wireless adapters,1
WiFi range extenders,1
Whole home Wi-Fi systems,1
Network buying guide,1
Laptop bags and cases,1
Laptop bags and cases,1
iPad and tablet cases,1
eReader cases,1
Office Supplies,1
Printer Paper,1
Photo Paper,1
Labelling Machines,1
Support and protection,1
Learn More About,1
TP Link,1
Price Promise,1
Find Out More,1
Mobile phones,1
SIM free unlocked phones,1
All iPhone,1
All Android Phones,1
Mobile phone accessories,1
Mobile phone cases,1
Mobile phone chargers,1
In-car accessories,1
Portable power banks,1
Home phones,1
Cordless phones,1
Corded phones,1
Sat nav,1
Sat nav,1
Sat nav accessories,1
Dash cams,1
Price Promise,1
Find Out More,1
Smart Tech,1
Smart watches and fitness,1
Smart watches,1
Fitness trackers,1
Sports watches & trackers,1
Smart fitness accessories,1
Smart health,1
Apple watch,1
Smart home,1
Smart heating,1
Smart lighting,1
Smart home voice control,1
Smart security cameras & CCTV,1
Smart home monitoring,1
All smart home,1
Smart sound,1
Smart sound multi-room speakers,1
Smart sound multi-room sound bars,1
Smart home voice control speakers,1
Parent & Child,1
Baby monitor,1
Baby sleep aid,1
Baby feed bottle,1
Bottle warmer,1
Breast pumps,1
Baby food blender,1
Baby bouncer and swings,1
Baby thermometer,1
Electric mobility,1
Adult electric scooters,1
Kids electric scooters,1
Hobbies & toys,1
Smart toys & gadgets,1
Sat nav,1
Sat nav,1
Sat nav accessories,1
Dash cams,1
Learn More About,1
Price Promise,1
Find Out More,1
All cameras,1
Interchangeable lens cameras,1
DSLR cameras,1
Mirrorless cameras,1
Bags and cases,1
Memory cards,1
Digital compact cameras,1
Compact digital cameras,1
Bridge cameras,1
Tough cameras,1
Instant cameras,1
Superzoom cameras,1
High performance compact cameras,1
Bags and cases,1
Memory cards,1
Traditional camcorders,1
Dash cams,1
Action camcorders,1
360 cams,1
Photography accessories,1
Camera Bags,1
Flashguns and lighting,1
Tripods and supports,1
Batteries and chargers,1
Camcorder accessories,1
Selfie sticks,1
Other accessories,1
Advice/ Buying guides,1
4K cameras and camcorders,1
Camera buying guide,1
Price Promise,1
Find Out More,1
Support and protection,1
Console gaming,1
All Consoles,1
Playstation consoles,1
Xbox consoles,1
Nintendo consoles,1
All Games,1
Playstation games,1
Xbox games,1
Nintendo Switch Games,1
Streaming equipment,1
Console gaming accessories,1
Playstation controllers,1
Xbox controllers,1
Nintendo controllers,1
Gaming chairs,1
Headsets and microphones,1
Gaming hard drives,1
Gaming capture cards,1
Gaming cameras,1
Virtual reality,1
PC gaming,1
Gaming laptops,1
Gaming PCs,1
Gaming monitors,1
PC games,1
PC gaming accessories,1
Gaming mice,1
Gaming keyboards,1
Gaming headsets,1
Graphics cards,1
Controllers & joysticks,1
Gaming surfaces,1
Price Promise,1
Find Out More,1
Deals & Offers,1
Epic Deals,1
All Deals and Offers,1
Computing Deals and Offers,1
Large Kitchen Appliance Deals and Offers,1
Small Kitchen Appliance Deals and Offers,1
TV & Smart Tech Deals and Offers,1
Popular Brands,1
As Advertised on TV,1
Our Experts Love,1
Buying Guides,1
Household Appliances,1
Fridge freezers,1
Fridge freezers,1
All deals,1
Fridge freezers,1
Washing machines,1
Washer dryers,1
Small appliances,1
Discount Codes,1
Free delivery and recycling.,1
on Go Greener tech!,1
Use code GG25IE,1
â‚¬50 off when you spend over â‚¬500.,1
on 2 or more large kitchen appliances!,1
Use code LKA50IE,1
â‚¬100 off when you spend over â‚¬1000.,1
on 2 or more large kitchen appliances!,1
Use code LKA100IE,1
Filter by:,1
Under â‚¬200,1
â‚¬200 - â‚¬300,1
â‚¬300 - â‚¬400,1
â‚¬400 - â‚¬500,1
â‚¬500 - â‚¬700,1
Over â‚¬700,1
Customer rating,1
or more,1
or more,1
Getting it to you,1
To deliver,1
Check availability in your area,1
Checking ......,1
Change location,1
Use my current location,1
Freestanding fridge freezers,1
Integrated fridge freezers,1
American style fridge freezers,1
Multi-door fridge freezers,1
Freestanding freezers,1
Retro fridge freezers,1
Slim American-style fridge freezers,1
Convertible storage,1
Small (399 litres or less),1
Medium (400 - 529 litres),1
Large (530 litres or more),1
Defrosting technology,1
Total frost free,1
Frost free,1
Low frost,1
Plumbed water dispenser,1
Plumbed ice dispenser,1
Non-plumbed water dispenser,1
Non-plumbed ice dispenser,1
Energy rating,1
Fast freeze,1
Fast chill,1
Holiday mode,1
Temperature door alarm,1
Hygiene feature,1
Bottled drink storage,1
Quiet performance (40 dB or less),1
Food preservation technology,1
Flexible temperature zone,1
Fan cooling,1
Dual temperature control,1
Wine rack,1
Food freshness feature,1
Suitable for outbuildings,1
Fixed hinge,1
Sliding hinge,1
Reversible door,1
Guarantee period,1
5 years,1
2 years,1
1 year,1
Rear panel material,1
Our experts love,1
200 cm or more,1
190 - 199.9 cm,1
180 - 189.9 cm,1
170 - 179.9 cm,1
160 - 169.9 cm,1
150 - 159.9 cm,1
149.9 cm or less,1
90 cm or more,1
74 - 89.9 cm,1
64 - 73.9 cm,1
59 - 63.9 cm,1
54 - 58.9 cm,1
53.9 cm or less,1
75 cm or more,1
70 - 74.9 cm,1
65 - 69.9 cm,1
60 - 64.9 cm,1
55 - 59.9 cm,1
54.9 cm or less,1
Buying guides & features,1
Fridge freezer buying guide,1
View all buying guides,1
1 - 20 of 361 results,1
Sort by,1
Please select,1
Brand - A to Z,1
Brand - Z to A,1
Price â€“ low to high,1
Price â€“ high to low,1
Customer rating,1
Discount % (High to Low),1
Sort By:,1
items per page,1
Check availability in your area,1
Checking ......,1
Change location,1
Use my current location,1
Serie 4 KGN39VLEBG 70/30 Fridge Freezer - Inox,1
As advertised on TV,1
203 x 60 x 66 cm (H x W x D),1
Fridge: 279 litres / Freezer: 89 litres,1
No need to defrost with frost free technology,1
Food freshness feature to keep your fruit and veg fresh,1
Temperature alarm warns you if the temperature rises,1
Get FREE Delivery & Recycling on this Go Greener appliance. Enter code GG25IE at checkout,1
+ 3 more offers,1
Brief product description,1
Save â‚¬140.99,1
Was â‚¬819.99,1
(from 26/05/2021 to 22/06/2021),1
FAST delivery,1
Collection not available,1
Compare (up to 4 items),1
Find out more,1
SIGNATURE Instaview LSR100 Smart 60/40 Fridge Freezer - Stainless Steel,1
178.4 x 91.2 x 75.4 cm (H x W x D),1
Fridge: 387 litres / Freezer: 256 litres,1
Total frost free,1
Water & ice dispenser (requires plumbing),1
Instaview - see into your fridge without opening the door,1
Get FREE Delivery & Recycling on this Go Greener appliance. Enter code GG25IE at checkout,1
+ 5 more offers,1
No reviews yet (0),1
Brief product description,1
FAST delivery,1
Collection not available,1
Compare (up to 4 items),1
Find out more,1
UVnano GSLD81PZRF American-Style Smart Fridge Freezer - Shiny Steel,1
179 x 91.3 x 73.5 cm (H x W x D),1
Fridge: 416 litres / Freezer: 219 litres,1
Total No Frost means no defrosting & fresher food,1
Water & ice dispenser (no plumbing required),1
Food freshness feature to keep your fruit and veg fresh,1
Get FREE Delivery & Recycling on this Go Greener appliance. Enter code GG25IE at checkout,1
+ 3 more offers,1
No reviews yet (0),1
Brief product description,1
FAST delivery,1
Collection not available,1
Compare (up to 4 items),1
Find out more,1
InstaView GSXV91MCAE American-Style Smart Fridge Freezer - Matte Black,1
179 x 91.3 x 73.5 cm (H x W x D),1
Fridge: 416 litres / Freezer: 219 litres,1
Total No Frost means no defrosting & fresher food,1
Water & ice dispenser (no plumbing required),1
Instaview - see into your fridge without opening the door,1
Get FREE Delivery & Recycling on this Go Greener appliance. Enter code GG25IE at checkout,1
+ 3 more offers,1
No reviews yet (0),1
Brief product description,1
FAST delivery,1
Collection not available,1
Compare (up to 4 items),1
Find out more,1
GSX961NSVZ American-Style Smart Fridge Freezer - Steel,1
179 x 91.2 x 73.8 cm (H x W x D),1
Fridge: 411 litres / Freezer: 214 litres,1
No need to defrost with frost free technology,1
Water & ice dispenser (no plumbing required),1
Instaview - see into your fridge without opening the door,1
DISCOUNT CODE: â‚¬100 OFF when you spend â‚¬1000 on 2 or more large kitchen appliances.Use code LKA100IE,1
+ 3 more offers,1
Brief product description,1
Not available for delivery,1
Email me when back in stock,1
Compare (up to 4 items),1
Find out more,1
InstaView GSXV90MCAE American-Style Smart Fridge Freezer - Matte Black,1
179 x 91.3 x 73.5 cm (H x W x D),1
Fridge: 416 litres / Freezer: 219 litres,1
Total No Frost means no defrosting & fresher food,1
Water & ice dispenser (requires plumbing),1
Instaview - see into your fridge without opening the door,1
Get FREE Delivery & Recycling on this Go Greener appliance. Enter code GG25IE at checkout,1
+ 3 more offers,1
No reviews yet (0),1
Brief product description,1
FAST delivery,1
Collection not available,1
Compare (up to 4 items),1
Find out more,1
NatureFRESH GSLV70PZTF American-Style Smart Fridge Freezer - Shiny Steel,1
179 x 91.3 x 73.5 cm (H x W x D),1
Fridge: 416 litres / Freezer: 219 litres,1
Total No Frost means no defrosting & fresher food,1
Water & ice dispenser (requires plumbing),1
Food freshness feature to keep your fruit and veg fresh,1
Get FREE Delivery & Recycling on this Go Greener appliance. Enter code GG25IE at checkout,1
+ 1 more offer,1
No reviews yet (0),1
Brief product description,1
FAST delivery,1
Collection not available,1
Compare (up to 4 items),1
Find out more,1
NatureFRESH GSLV71MCTF American-Style Smart Fridge Freezer - Matte Black,1
179 x 91.3 x 73.5 cm (H x W x D),1
Fridge: 416 litres / Freezer: 219 litres,1
Total No Frost means no defrosting & fresher food,1
Water & ice dispenser (no plumbing required),1
Food freshness feature to keep your fruit and veg fresh,1
Get FREE Delivery & Recycling on this Go Greener appliance. Enter code GG25IE at checkout,1
+ 3 more offers,1
No reviews yet (0),1
Brief product description,1
Standard delivery available Dispatched within 10 to 21 days,1
Collection not available,1
Compare (up to 4 items),1
Find out more,1
NatureFRESH GSLV70MCTF American-Style Smart Fridge Freezer - Matte Black,1
179 x 91.3 x 73.5 cm (H x W x D),1
Fridge: 416 litres / Freezer: 219 litres,1
Total No Frost means no defrosting & fresher food,1
Water & ice dispenser (requires plumbing),1
Food freshness feature to keep your fruit and veg fresh,1
Get FREE Delivery & Recycling on this Go Greener appliance. Enter code GG25IE at checkout,1
+ 3 more offers,1
No reviews yet (0),1
Brief product description,1
FAST delivery,1
Collection not available,1
Compare (up to 4 items),1
Find out more,1
InstaView GSXV91BSAE American-Style Smart Fridge Freezer - Stainless Steel,1
179 x 91.3 x 73.5 cm (H x W x D),1
Fridge: 416 litres / Freezer: 219 litres,1
Total No Frost means no defrosting & fresher food,1
Water & ice dispenser (no plumbing required),1
Instaview - see into your fridge without opening the door,1
Get FREE Delivery & Recycling on this Go Greener appliance. Enter code GG25IE at checkout,1
+ 3 more offers,1
No reviews yet (0),1
Brief product description,1
FAST delivery,1
Collection not available,1
Compare (up to 4 items),1
Find out more,1
InstaView GSXV90BSAE American-Style Smart Fridge Freezer - Stainless Steel,1
179 x 91.3 x 73.5 cm (H x W x D),1
Fridge: 416 litres / Freezer: 219 litres,1
Total No Frost means no defrosting & fresher food,1
Water & ice dispenser (requires plumbing),1
Instaview - see into your fridge without opening the door,1
Get FREE Delivery & Recycling on this Go Greener appliance. Enter code GG25IE at checkout,1
+ 3 more offers,1
No reviews yet (0),1
Brief product description,1
FAST delivery,1
Collection not available,1
Compare (up to 4 items),1
Find out more,1
NatureFRESH GSLV91PZAE American-Style Smart Fridge Freezer - Shiny Steel,1
179 x 91.3 x 73.5 cm (H x W x D),1
Fridge: 416 litres / Freezer: 219 litres,1
Total No Frost means no defrosting & fresher food,1
Water & ice dispenser (no plumbing required),1
Food freshness feature to keep your fruit and veg fresh,1
Get FREE Delivery & Recycling on this Go Greener appliance. Enter code GG25IE at checkout,1
+ 3 more offers,1
No reviews yet (0),1
Brief product description,1
FAST delivery,1
Collection not available,1
Compare (up to 4 items),1
Find out more,1
InstaView GMX945MC9F American-Style Smart Fridge Freezer - Black,1
179.3 x 91.2 x 74.4 cm (H x W x D),1
Fridge: 365 litres / Freezer: 273 litres,1
Total frost free,1
Water & ice dispenser (requires plumbing),1
Instaview - see into your fridge without opening the door,1
Get FREE Delivery & Recycling on this Go Greener appliance. Enter code GG25IE at checkout,1
+ 4 more offers,1
No reviews yet (0),1
Brief product description,1
Save â‚¬600.00,1
"Was â‚¬4,799.99",1
(from 28/07/2021 to 26/08/2021),1
Standard delivery available Dispatched within 10 to 21 days,1
Collection not available,1
Compare (up to 4 items),1
Find out more,1
NatureFRESH GSLV71PZTF American-Style Smart Fridge Freezer - Shiny Steel,1
179 x 91.3 x 73.5 cm (H x W x D),1
Fridge: 416 litres / Freezer: 219 litres,1
Total No Frost means no defrosting & fresher food,1
Water & ice dispenser (no plumbing required),1
Food freshness feature to keep your fruit and veg fresh,1
Get FREE Delivery & Recycling on this Go Greener appliance. Enter code GG25IE at checkout,1
+ 1 more offer,1
No reviews yet (0),1
Brief product description,1
Standard delivery available Dispatched within 10 to 21 days,1
Collection not available,1
Compare (up to 4 items),1
Find out more,1
NatureFRESH GSLD80PZRF American-Style Smart Fridge Freezer - Shiny Steel,1
179 x 91.3 x 73.5 cm (H x W x D),1
Fridge: 416 litres / Freezer: 219 litres,1
Total No Frost means no defrosting & fresher food,1
Water & ice dispenser (requires plumbing),1
Food freshness feature to keep your fruit and veg fresh,1
Get FREE Delivery & Recycling on this Go Greener appliance. Enter code GG25IE at checkout,1
+ 3 more offers,1
No reviews yet (0),1
Brief product description,1
FAST delivery,1
Collection not available,1
Compare (up to 4 items),1
Find out more,1
Door-in-Door GSJV91BSAE American-Style Smart Fridge Freezer - Stainless Steel,1
179 x 91.3 x 73.5 cm (H x W x D),1
Fridge: 416 litres / Freezer: 219 litres,1
Total No Frost means no defrosting & fresher food,1
Water & ice dispenser (requires plumbing),1
Fan cooling creates the ideal conditions in your fridge,1
Get FREE Delivery & Recycling on this Go Greener appliance. Enter code GG25IE at checkout,1
+ 3 more offers,1
No reviews yet (0),1
Brief product description,1
Not available for delivery,1
Email me when back in stock,1
Compare (up to 4 items),1
Find out more,1
KMD60X19 Fridge Freezer - Inox,1
185.5 x 63.5 x 68.2 cm (H x W x D),1
Fridge: 191 litres / Freezer: 129 litres,1
No need to defrost with frost free technology,1
Fan cooling creates the ideal conditions in your fridge,1
Fast freeze rapidly lowers the temperature inside the freezer,1
DISCOUNT CODE: â‚¬100 OFF when you spend â‚¬1000 on 2 or more large kitchen appliances.Use code LKA100IE,1
+ 2 more offers,1
Brief product description,1
Save â‚¬50.00,1
Was â‚¬649.99,1
(from 04/08/2021 to 22/09/2021),1
FAST delivery,1
Collection not available,1
Compare (up to 4 items),1
Find out more,1
CXFG3552W 50/50 Fridge Freezer - White,1
152.8 x 54 x 57.5 cm (H x W x D),1
Fridge: 143 litres / Freezer: 77 litres,1
No need to defrost with frost free technology,1
Reversible door to open the door from either side,1
DISCOUNT CODE: â‚¬100 OFF when you spend â‚¬1000 on 2 or more large kitchen appliances.Use code LKA100IE,1
+ 2 more offers,1
No reviews yet (0),1
Brief product description,1
Save â‚¬50.00,1
Was â‚¬399.99,1
(from 06/05/2021 to 26/05/2021),1
FAST delivery,1
Collection not available,1
Compare (up to 4 items),1
Find out more,1
GSL460ICEV American-Style Fridge Freezer - Dark Graphite,1
179 x 91.2 x 71.7 cm (H x W x D),1
Fridge: 400 litres / Freezer: 206 litres,1
Total frost free,1
Water & ice dispenser (requires plumbing),1
Fan cooling creates the ideal conditions in your fridge,1
DISCOUNT CODE: â‚¬100 OFF when you spend â‚¬1000 on 2 or more large kitchen appliances.Use code LKA100IE,1
+ 3 more offers,1
Brief product description,1
FAST delivery,1
Collection not available,1
Compare (up to 4 items),1
Find out more,1
GSLD50DSXM American-Style Fridge Freezer - Dark Graphite,1
179 x 91.3 x 74.3 cm (H x W x D),1
Fridge: 416 litres / Freezer: 218 litres,1
Total No Frost means no defrosting & fresher food,1
Water & ice dispenser (requires plumbing),1
Food freshness feature to keep your fruit and veg fresh,1
Get FREE Delivery & Recycling on this Go Greener appliance. Enter code GG25IE at checkout,1
+ 3 more offers,1
No reviews yet (0),1
Brief product description,1
FAST delivery,1
Collection not available,1
Compare (up to 4 items),1
Find out more,1
integrated fridge freezer,1
to slot right into that seamless look across your fitted kitchen.,1
"Of course, thereâ€™s also the",1
American fridge freezer,1
Samsung fridge freezer,1
collection and youâ€™ll even find units with open door alarms. Clever.,1
Ready to choose your favourite? Then itâ€™s time to browse our full collection.,1
All About Fridge freezers,1
Find out all you need to know about chillers from our,1
"Buyerâ€™s Guides to Refrigerators, freezers and chillers",1
Back to top,1
Let's email you when it's back in stock,1
Please complete your details. We'll only use these to contact you about this item.,1
First name,1
Last name,1
Email *,1
* We'll need this to email you,1
Customer services,1
Delivery & recycling,1
Track your order,1
Installation services,1
Returns & cancellations,1
Product safety notices,1
Shopping with Currys,1
Order online & collect in store,1
Gift Cards,1
Buying for Business?,1
Payment options,1
Privacy policy,1
We're here to help,1
Customer services,1
Buying guides,1
Contact us,1
Store finder,1
"To show you Currys stores local to you, all we need is your eircode.",1
Find stores,1
About Currys Ireland Limited,1
Corporate site,1
PR & media,1
Terms & Conditions,1
Privacy Preference Center,1
Your Privacy,1
Strictly Necessary Cookies,1
First Party Performance Cookies,1
Third Party Performance Cookies,1
Functional Cookies,1
Targeting Cookies,1
Your Privacy,1
View our Privacy & Cookies Policy,1
Strictly Necessary Cookies,1
Always Active,1
Cookies Details,1
First Party Performance Cookies,1
First Party Performance Cookies,1
Cookies Details,1
Third Party Performance Cookies,1
Third Party Performance Cookies,1
Cookies Details,1
Functional Cookies,1
Functional Cookies,1
Cookies Details,1
Targeting Cookies,1
Targeting Cookies,1
Cookies Details,1
Back Button,1
Vendor Search,1
Filter Button,1
checkbox label,1
checkbox label,1
checkbox label,1
View Third Party Cookies,1
cookie name,1
View Privacy Notice,1
checkbox label,1
Confirm My Choices,1
Reject All,1
Allow All,1
View our Privacy Policy,1
View our Cookies Policy,1
Accept Cookies,1
Skip to main content,1
Deliver to,1
Select the department you want to search in,1
All Departments,1
Arts & Crafts,1
Beauty & Personal Care,1
Digital Music,1
Kindle Store,1
Prime Video,1
Women's Fashion,1
Men's Fashion,1
Girls' Fashion,1
Boys' Fashion,1
Health & Household,1
Home & Kitchen,1
Industrial & Scientific,1
Movies & TV,1
"Music, CDs & Vinyl",1
Pet Supplies,1
Sports & Outdoors,1
Tools & Home Improvement,1
Toys & Games,1
Video Games,1
"Hello, Sign in",1
Account & Lists,1
& Orders,1
Sign in,1
New customer?,1
Start here.,1
Your Lists,1
Create a List,1
Find a List or Registry,1
AmazonSmile Charity Lists,1
Your Account,1
Browsing History,1
Video Purchases & Rentals,1
Kindle Unlimited,1
Content & Devices,1
Subscribe & Save Items,1
Memberships & Subscriptions,1
Music Library,1
Sign in,1
New customer?,1
Start here.,1
Today's Deals,1
Customer Service,1
Gift Cards,1
Disability Customer Support,1
Amazon's response to COVID-19,1
"Shop home entertainment, TVs, home audio, headphones, cameras, accessories and more",1
"1-12 of over 70,000 results for",1
Apple AirPods Pro,1
4.8 out of 5 stars,1
Apple AirPods with Charging Case,1
4.8 out of 5 stars,1
Holiday Toy List,1
Oculus Quest 2 â€” Advanced All-In-One Virtual Reality Headset â€” 128 GB,1
"Aug 23, 2021",1
ESRB Rating: Everyone 10+,1
4.7 out of 5 stars,1
Get it as soon as,1
"Wed, Oct 27",1
Best Seller,1
in Health & Household,1
"Amazon Basics 48 Pack AA High-Performance Alkaline Batteries, 10-Year Shelf Life, Easy to Open Value Pack",1
Single Use,1
48 Count (Pack of 1),1
4.7 out of 5 stars,1
Get it as soon as,1
"Mon, Nov 8",1
Best Seller,1
in Sales & Deals,1
"Amazon Basics 36 Pack AAA High-Performance Alkaline Batteries, 10-Year Shelf Life, Easy to Open Value Pack",1
Single Use,1
36 Count (Pack of 1),1
4.7 out of 5 stars,1
Get it as soon as,1
"Mon, Nov 8",1
Best Seller,1
in Styluses,1
Apple Pencil (2nd Generation),1
4.8 out of 5 stars,1
Best Seller,1
in Cell Phone Wall Chargers,1
Apple 20W USB-C Power Adapter,1
4.8 out of 5 stars,1
Apple EarPods with Lightning Connector - White,1
4.7 out of 5 stars,1
Apple AirPods with Wireless Charging Case,1
4.8 out of 5 stars,1
Best Seller,1
in Inkjet Computer Printer Ink,1
4.8 out of 5 stars,1
In stock soon.,1
Best Seller,1
in External Hard Drives,1
4.7 out of 5 stars,1
Get it as soon as,1
"Mon, Nov 8",1
More Buying Choices,1
(9 used & new offers),1
Best Seller,1
in Cell Phones & Accessories,1
"Ailun Glass Screen Protector Compatible for iPhone 11/iPhone XR, 6.1 Inch 3 Pack Tempered Glass",1
4.6 out of 5 stars,1
Get it as soon as,1
"Mon, Nov 8",1
See all results,1
Accessories & Supplies,1
Computers & Accessories,1
Cell Phones & Accessories,1
Portable Audio & Video,1
Camera & Photo,1
Home Audio,1
Office Electronics,1
Car & Vehicle Electronics,1
Wearable Technology,1
Television & Video,1
Video Game Consoles & Accessories,1
Security & Surveillance,1
"Household Batteries, Chargers & Accessories",1
"GPS, Finders & Accessories",1
Power Accessories,1
Video Projectors,1
eBook Readers & Accessories,1
Service Plans,1
Electronics Warranties,1
Climate Pledge Friendly,1
Climate Pledge Friendly,1
Amazon Certified,1
Works with Alexa,1
Auto Replenishment,1
From Our Brands,1
Our Brands,1
Featured Brands,1
Amazon Basics,1
Packaging Option,1
Frustration-Free Packaging,1
Avg. Customer Review,1
1 Star & Up,1
& Up,1
2 Stars & Up,1
& Up,1
3 Stars & Up,1
& Up,1
4 Stars & Up,1
& Up,1
New & Upcoming,1
New Arrivals,1
Coming Soon,1
Energy Star,1
Amazon Global Store,1
Amazon Global Store,1
Under $25,1
Today's Deals,1
Amazon Export Sales LLC.,1
Spigen Inc,1
ARF Tech,1
Cable Matters,1
â¤ï¸ï¸â¡â¢ â¡â¢OnlinEmartâ¡â¢ â¡â¢  (We record SN),1
Include Out of Stock,1
Back to top,1
Get to Know Us,1
About Amazon,1
Investor Relations,1
Amazon Devices,1
Make Money with Us,1
Sell products on Amazon,1
Sell on Amazon Business,1
Sell apps on Amazon,1
Become an Affiliate,1
Advertise Your Products,1
Self-Publish with Us,1
Host an Amazon Hub,1
See More Make Money with Us,1
Amazon Payment Products,1
Amazon Business Card,1
Shop with Points,1
Reload Your Balance,1
Amazon Currency Converter,1
Let Us Help You,1
Amazon and COVID-19,1
Your Account,1
Your Orders,1
Shipping Rates & Policies,1
Returns & Replacements,1
Manage Your Content and Devices,1
Amazon Assistant,1
Choose a language for shopping.,1
USD - U.S. Dollar,1
United States,1
Choose a country/region for shopping.,1
Amazon Music,1
Stream millions,1
of songs,1
Amazon Advertising,1
"Find, attract, and",1
engage customers,1
Amazon Drive,1
Cloud storage,1
from Amazon,1
Score deals,1
on fashion brands,1
"Books, art",1
& collectibles,1
Audiobook Publishing,1
Made Easy,1
Actionable Analytics,1
for the Web,1
Sell on Amazon,1
Start a Selling Account,1
Amazon Business,1
Everything For,1
Your Business,1
Ship Orders,1
Home Services,1
Experienced Pros,1
Happiness Guarantee,1
Amazon Ignite,1
Sell your original,1
Digital Educational,1
Amazon Web Services,1
Scalable Cloud,1
Computing Services,1
Listen to Books & Original,1
Audio Performances,1
Book Depository,1
Books With Free,1
Delivery Worldwide,1
Box Office Mojo,1
Find Movie,1
Box Office Data,1
Thousands of,1
Digital Comics,1
East Dane,1
Designer Men's,1
"Sewing, Quilting",1
& Knitting,1
Book reviews,1
& recommendations,1
"Movies, TV",1
& Celebrities,1
Get Info Entertainment,1
Professionals Need,1
Kindle Direct Publishing,1
Indie Digital & Print Publishing,1
Made Easy,1
Prime Video Direct,1
Video Distribution,1
Made Easy,1
Fashion Brands,1
Deals and,1
Shoes &,1
Smart Home,1
Security Systems,1
eero WiFi,1
Stream 4K Video,1
in Every Room,1
Smart Security,1
for Every Home,1
Neighbors App,1
Real-Time Crime,1
& Safety Alerts,1
Amazon Subscription Boxes,1
Top subscription boxes â€“ right to your door,1
Pharmacy Simplified,1
Amazon Second Chance,1
"Pass it on, trade it in, give it a second life",1
Conditions of Use,1
Privacy Notice,1
Interest-Based Ads,1
"Â© 1996-2021, Amazon.com, Inc. or its affiliates",1
Donâ€™t wait until,1
Black Friday!,1
Get Black Friday deals all year round straight to your inbox.,1
"Never miss a deal, sign up now. ðŸ’Œ",1
Women | New Arrivals,1
Best Selling,1
Lowest Price,1
Highest Price,1
"Date, New to Old",1
Refine By,1
Best Selling,1
Lowest Price,1
Highest Price,1
"Date, New to Old",1
Refine By,1
Clear All,1
Tops & T-Shirts,1
Above 60%,1
40% - 60%,1
Under 40%,1
Object Collectors Item,1
Noisy May,1
Show results,1
Apply All,1
Tie waist - Midi dress,1
Cropped faux Leather trousers,1
O-neck basic T-shirt,1
O-neck basic T-shirt,1
Frill neck peplum Top,1
HOT DEALðŸ”¥,1
HOT DEALðŸ”¥,1
High low split neck Shirt,1
Silky cupro - Blouse,1
High low split neck Shirt,1
3/4 sleeved smock Dress,1
High waist Cropped trousers,1
Patterned Shirt dress,1
Curve - taperet fit - Chinos,1
Patterned loose fit Shirt dress,1
Textured floral print strap Dress,1
High low split neck Shirt,1
Coated Zip Top,1
Noisy May,1
Peter Pan-collar Shirt,1
Short sleeved V-neck Dress,1
Pleated halter neck Maxi dress,1
Cropped recycled polyester Trousers,1
Pleated halter neck Maxi dress,1
Striped tie string Dress,1
CIRCULOSEÂ® limited edition Dress,1
Pleated halter neck Maxi dress,1
Need help hustling?,1
Our customer service team is happy to help! Get in touch via:,1
Useful Links,1
About Us,1
Size Guides,1
Shipping & Returns,1
Terms & Conditions,1
Privacy Policy,1
Cookie Policy,1
Get on the list,1
"Get on the list to receive exclusive offers, fashion inspo and a 10% sign-up discount!",1
See terms for the discount here,1
Thanks for subscribing!,1
"By subscribing, you accept the",1
Terms & Conditions and Privacy Policy,1
View All,1
New In,1
Jackets & Coats,1
Tops & Blouses,1
Last Sizes,1
Curve Collection,1
View All,1
Jackets & Coats,1
Shirts & T-Shirts,1
Brands A-Z,1
Brands A-Z,1
Customer Login,1
My Account,1
Forgot your password?,1
Create My Account,1
Review Your Cart,1
Your cart is currently empty.,1
Continue shopping,1
Regular price,1
"â‚¬0,00 EUR",1
Tax included and shipping calculated at checkout,1
for terms & conditions.,1
for privacy policy.,1
I agree with the Terms & Conditions & Privacy Policy,1
View Bag,1
Add more,1
Quantity must be 1 or more,1
Add to bag,1
Video PopUp,1
OH HEY!  Get yourself 10% off the first order!,1
"Get your #hustlergangstyle tips! Hot deals, exclusive offers and fashion inspo are almost in your pocket ðŸ˜‰",1
All the T&C are here,1
"By subscribing, you accept the",1
Terms & Conditions and Privacy Policy,1
Our favourites,1
-60% off,1
Transitional Jacket,1
-60% off,1
Object Collectors Item,1
"Hooded, spring Jacket",1
-70% off,1
Object Collectors Item,1
Wool Coat,1
-50% off,1
Object Collectors Item,1
Wool Coat,1
-80% off,1
Hooded parka Jacket,1
-70% off,1
Detachable sleeves Coat,1
Cookie Preference Center,1
Your Settings,1
Strictly Necessary Cookies,1
Functionele Cookies,1
Analytical Cookies,1
Marketing Cookies,1
Your Settings,1
Strictly Necessary Cookies,1
Strictly Necessary Cookies,1
Strictly Necessary Cookies,1
Always Active,1
Cookies Details,1
Functionele Cookies,1
Functionele Cookies,1
Functional Cookies,1
Switch Label,1
Cookies Details,1
Analytical Cookies,1
Analytical Cookies,1
Cookies Details,1
Marketing Cookies,1
Marketing Cookies,1
Performance Cookies,1
Switch Label,1
Cookies Details,1
Back Button,1
Vendor Search,1
Filter Button,1
checkbox label,1
checkbox label,1
checkbox label,1
View Third Party Cookies,1
cookie name,1
checkbox label,1
Confirm My Choices,1
Reject All,1
Allow All,1
Cookie Notice,1
third party partners.,1
Cookie Policy,1
Privacy Policy.,1
Cookies Settings,1
Accept All Cookies,1
