Pattern String,classification
FREE SHIPPING ON ORDERS OVER $100!,1
SOME EXCLUSIONS APPLY - LEARN MORE,1
HAVE A QUESTION? - CONTACT US,1
WELCOME TO 034MOTORSPORT!,1
SHOP AUDISHOP VOLKSWAGENPERFORMANCE SOFTWARE034 APPARELLOCAL SERVICENEWSRESOURCES,1
SEARCH,1
HOME,1
/,1
"ADJUSTABLE SOLID REAR SWAY BAR, 8J/8P AUDI TT/TTS/TTRS & A3/S3/RS3, MKV/MKVI VOLKSWAGEN R32 & GOLF R",1
MORE VIEWS,1
$268.00,1
Starting at $25/mo with Affirm. Learn more,1
ORDER ONLINE!,1
4.6 star rating,1
8 Reviews,1
1 Questions \ 1 Answers,1
SKU: 034-402-1002,1
Manufacturer: 034Motorsport,1
"034Motorsport is proud to offer the ultimate rear sway bar upgrade for the Audi 8J/8P TT/TTS/TTRS & Audi A3/S3/RS3 and MkV/MkVI Volkswagen R32 & Golf R! The 034Motorsport Adjustable Solid Rear Sway Bar is made from high-quality spring steel for maximum rigidity, and is designed to combat understeer while reducing body roll under hard cornering. This product was tested thoroughly on the street and track on the 034Motorsport Audi TT RS 2.5 TFSI before release. The 034Motorsport Adjustable Solid Rear Sway Bar substantially reduces understeer and body roll without compromising comfort on the street.",1
Please Note: We highly recommend using this upgrade in conjunction with Spherical Rear Sway Bar End Links for maximum performance.,1
Qty:,1
ADD TO CART,1
Add to Wishlist,1
Share Facebook,1
Share on Twitter,1
RELATED PRODUCTS,1
Check items to add to the cart or select all,1
"SWAY BAR END LINKS, MOTORSPORT, REAR, ADJUSTABLE, 8P & 8J AUDI TT/A3, MKV & MKVI VOLKSWAGEN JETTA GTI R32 RABBIT",1
$184.00,1
"REBUILD KIT, ADJUSTABLE SOLID REAR SWAY BAR, 22.2MM",1
$22.00,1
ITEM DETAILS,1
INSTALL GUIDE,1
MORE INFO,1
WE ALSO RECOMMEND,1
REVIEWS,1
PROP 65,1
"034Motorsport is proud to offer the ultimate rear sway bar upgrade for the Audi 8J/8P TT/TTS/TTRS & Audi A3/S3/RS3 and MkV/MkVI Volkswagen R32 & Golf R! The 034Motorsport Adjustable Solid Rear Sway Bar is made from high-quality spring steel for maximum rigidity, and is designed to combat understeer while reducing body roll under hard cornering.",1
This product was tested thoroughly on the street and track on both the 034Motorsport Audi TT RS 2.5 TFSI and Nate@034's Audi A3 before release. The 034Motorsport Adjustable Solid Rear Sway Bar substantially reduces understeer and body roll on the Audi 8J/8P and MkV/MkVI Volkswagen R32 & Golf R without compromising comfort on the street.,1
"In addition, the 034Motorsport Rear Sway Bar is engineered to be used effectively with the stock front sway bar. No upgrade in the front is needed or required. The addition of a stiffer front bar introduces even more push, requiring an even bigger bar in the back.  With the stock front sway bar and upgraded 034Motorsport Solid Rear Sway Bar, body roll is virtually eliminated while turn in and off throttle oversteer are greatly improved.",1
"The sway bar rate is adjustable via the adjustment holes. The two holes closest to the MOI of the bar are the ""stiff"" (423% stiffer than stock) setting, and the two holes farther out are the ""soft"" (362% stiffer than stock) setting.",1
Features:,1
Adjustable - 362% or 423% Increased Sway Bar Rate vs. Stock TT RS Rear Sway Bar,1
22.25mm Diameter,1
Solid Spring Steel Construction,1
2-Hole Adjustable,1
Easy to Lubricate Sway Bar Bushings - Zerk Fittings Included,1
Designed to be used in conjunction with the stock front sway bar.,1
What's Included:,1
034Motorsport Adjustable Solid Rear Sway Bar,1
Graphite-Impregnated Urethane Bushings,1
Billet Aluminum Sway Bar Brackets with Lubrication Ports,1
Sway Bar Retaining Clips,1
Fitment:,1
2010 - 2013 Audi TT RS 2.5 TFSI (8J),1
2011 - 2013 Audi RS3 2.5 TFSI (8P),1
2006 - 2013 Audi TT/TTS Quattro (8J),1
Except 3.2L VR6 Models,1
2006 - 2013 Audi A3/S3 Quattro (8P),1
2008 Volkswagen R32 (MkV),1
2012 Volkswagen Golf R (MkVI),1
Installation Instructions:,1
Click Here!,1
Please Note:,1
This fits 4-Motion AWD & Quattro AWD vehicles only.,1
COMPANY,1
ABOUT US,1
CONTACT US,1
SERVICE DEPARTMENT,1
TERMS & CONDITIONS,1
PRIVACY POLICY,1
CAREERS AT 034,1
QUICK LINKS,1
SITE MAP,1
SEARCH TERMS,1
ADVANCED SEARCH,1
REQUEST RMA,1
DEALERS,1
ACCOUNT,1
MY ACCOUNT,1
ORDERS AND RETURNS,1
CONNECT WITH US,1
FACEBOOK,1
TWITTER,1
YOUTUBE,1
RSS,1
© 2005 - Present 034Motorsport. All Rights Reserved. 034Motorsport is not affiliated with any automobile manufacturers. Manufacturer names and/or part numbers are used solely for identification purposes.,1
PRODUCT CATEGORIES,1
Christmas,1
Tubes,1
LED Bulbs,1
Fixtures,1
Light Bulbs,1
Ballasts/Drivers,1
Electrical,1
Rope/Tape Light,1
Exit/Emergency,1
Smart Home,1
Horticulture,1
Landscape Lighting,1
Batteries,1
Plastics & Glass,1
Specialty Items,1
For Expert Help Call 1-800-624-4488,1
Search,1
Welcome to 1000Bulbs.com,1
( Login or Register ) Customer Service,1
Cart 0,1
 Trending Searches,1
175W MH Equal LED Wall Pack Only $66.49,1
Standard Shaped LEDs only $1.05/ea,1
LED Parking Lot Lights - Starting at $107.24,1
LED Corn Bulbs | HID,1
All Categories,1
Clearance,1
Home,1
LED Light Bulbs,1
LED Light Bulbs - A19,1
LED Light Bulbs - 60 Watt Equal,1
LED Light Bulbs - 60 Watt Equal - 2700 Kelvin,1
LED A19 - 9 Watt - 60W Incandescent Equal,1
750 Lumens - 2700 Kelvin Soft White - PLT-11209,1
4.9,1
 ,1
-23,1
Write a review,1
Ask a question,1
This product is ineligible for shipping to the following states: CA,1
"Keep the lights on longer with this PLT LED A19 light bulb and its bright, 60-Watt equivalent output. This standard bulb is applicable to sensitive light displays due to its very low heat generation.",1
"UL approved for damp locations, can withstand outdoor humidity when protected from the elements",1
Long-life LEDs outlast outdated incandescent bulbs and save up to 85 percent in energy costs,1
Frosted plastic construction is shatter resistant,1
Color matched to incandescent bulbs,1
View More Details,1
$0.99 ea.,1
Retail Price $1.99,1
Quantity,1
Add to Cart,1
SKU: PLT-11209,1
Lighting can be confusing! Expert Help - Call Now,1
1-800-624-4488,1
PRODUCT DETAILS,1
FAQ'S,1
Brochures & Spec Sheets,1
PLT-11209 Spec Sheet,1
PLT-11209 Warranty,1
Brand PLT,1
MPN (Part No.) PLT-11209,1
UPC 810665027874,1
Dimmable No,1
Energy Star No,1
Bulb Shape A19,1
Safety Rating UL Damp Location,1
CRI 80,1
Color Soft White,1
Color Temperature 2700 Kelvin,1
"Life Hours 10,000",1
Wattage 9 Watt,1
Incandescent Equal 60 Watt,1
Lumens 750,1
Enclosed Fixture Rated No,1
Voltage 120,1
Beam Angle 240 Degree,1
Base Type Medium (E26),1
Height 4.25 in.,1
Diameter 2.36 in.,1
Warranty 1 Year,1
Case Quantity 50,1
Lumens per Watt 83,1
Description,1
   Changing The Way The World Buys Light Bulbs.,1
Sign Up For Deals,1
Stay Connected,1
Quick Links,1
Coupons,1
Shop By Brand,1
Lighting Resources,1
Help,1
See All Help,1
Returns,1
Shipping,1
Warranty,1
FAQ,1
Contact Us,1
Accessibility,1
Company,1
About Us,1
Press Releases,1
Employment,1
Other Links,1
Blog,1
DIY Projects,1
Adobe Reader,1
1000Bulbs.com is proud to offer our customers products that have earned the government's ENERGY STAR label.,1
© 2019 1000Bulbs.com | All Rights Reserved.,1
"2140 Merritt Dr, Garland, TX 75041",1
Use of this site signifies your acceptance of 1000Bulbs.com Terms and Conditions and Privacy Policy,1
FREE USA DOMESTIC STANDARD SHIPPING | CA/UK/EU SHIPPING,1
GET 2 FREE SAMPLES WITH ANY $45 PURCHASE,1
Search Button Desktop,1
"Hey, Gorgeous",1
LOG IN OR REGISTER,1
Purist Perks,1
Cart,1
0,1
BEST SELLERS,1
FRUIT PIGMENTED® MAKEUP,1
SKIN CARE,1
HAIR & BODY,1
GIFTS,1
EXPLORE,1
SHOP PURISTRY,1
Home › Multi-Vitamin + Antioxidants Potent PM Serum,1
Multi-Vitamin + Antioxidants Potent PM Serum,1
Natural  Vegan  Cruelty Free Gluten Free,1
"Potent, stabilized vitamins in this PM serum work synergistically to reduce lines and wrinkles, increase firmness and elasticity, brighten and even skin tone.",1
542,1
$60.00,1
Wishlist,1
or 4 interest-free installments of $15.00 USD by  More info,1
ADD TO TOTE,1
USE IT WITH,1
Restorative Sea Culture Hydrating Toner,1
$42.00,1
WATCH OUR VIDEOS,1
Product,1
INGREDIENTS,1
MEDIA,1
Share,1
Facebook,1
Twitter,1
Pinterest,1
Google,1
You May Also Like,1
357,1
Multi-Vitamin + Antioxidants Ultra Riché PM Treatment,1
$57.00,1
NEW,1
2,1
Multi-Vitamin + Antioxidants PM Facial Oil,1
$55.00,1
1106,1
Vitamin C Serum,1
4,1
Multi-Vitamin + Antioxidants PM Eye Treatment,1
$45.00,1
Reviews & Testimonials,1
4.6,1
Based on 542 Reviews,1
5 ★,1
78%,1
424,1
4 ★,1
13%,1
70,1
3 ★,1
5%,1
25,1
2 ★,1
2%,1
12,1
1 ★,1
11,1
Write a Review,1
Ask a Question,1
Reviews Questions,1
With Photos,1
Most Recent,1
Highest Rating,1
Lowest Rating,1
Most Votes,1
Least Votes,1
Filter Reviews:,1
ProductsSkinSerumBottleFaceIngredientsMoisturizerLinesResults,1
SB,1
11/09/2019,1
Super b.,1
United States,1
Great great product!!!’,1
"It is very hard finding a “me time” when you have a full time job and taking care of family. Having my 100% pure products esp my PM routine makes me feel special at least for a moment. This products does what it says. I have oily skin, i have been using this in the PM for about a week now, it is not tacky or sticky as i have discovered the perfect amount for my skin. My skin feels soft, healthy, plump and brighter. I highly recommend this product and i truly believe this company. I l",1
Was this review helpful?  0    0,1
TS,1
11/08/2019,1
Tricia S.,1
Absolute keeper!,1
"OMGoodness! Heaven in a bottle! This goes on like pure silk. That's what my skin feels like after I put it on too. It has literally rejuvenated my 46 year old skin. It has brightened my skin from the inside out! Like a light is shining under my skin to create a soft glow. My pores are smaller, my discoloration is gone, and no breakouts! Fine lines and wrinkles are fading. It goes perfect under my moisturizer. And add makeup on top of that, no problem...it holds up beautifully. Absolute keeper!",1
HH,1
10/31/2019,1
Holly H.,1
Love,1
I love this product. Just the right amount of moisture.,1
RH,1
10/30/2019,1
Raven H.,1
My favorite serum!,1
"This serum is a must. I apply it every night after toning and it keeps my face clear, moisturized and vibrant.",1
RC,1
10/29/2019,1
Raquel C.,1
I buy this stuff in bulk.,1
"This serum is great. When I use it consistently it changes the texture of my skin, making it very smooth and absolutely youthful. I can’t live without it. It smells fantastic too. My skin gets tiny bumps all over it because of natural oil production, but I notice that when I use this serum consistently along with my normal cleansing routine, it really helps with the texture. And it’s natural! Whenever there is a good sale, I buy a lot of these serums. I buy a LOT of their products in general, but this serum has been my favorite since day one. This brand is heaven.",1
Was this review helpful?  1    0,1
12345678910>,1
Promise You'll Love™ 100% Guarantee. Learn More,1
FEATURED,1
New Products,1
Best Sellers,1
Online Gift Card,1
Student Discount,1
About 100% PURE®,1
Philanthropy,1
Careers,1
Press,1
Store Locations,1
Wholesale US,1
Wholesale CA,1
Our Blog,1
INFORMATION,1
Start a Return,1
Affiliate Program,1
Shipping FAQ,1
Afterpay FAQ,1
Purist Pro,1
Refer a Friend,1
SUBSCRIBE,1
Instagram,1
Youtube,1
USD  CAD  GBP MORE,1
中国 Australia Germany,1
Terms & Condition | Privacy Policy | © 2019 100% PURE®,1
"If you are using a screen reader and are having problems using this website, please call +1 (844) 787-3100 for assistance.",1
1-877-877-1010 Contact Us Store Locations Customer Service,1
My Account Cart,1
SHOPPING CART,1
"0 item(s) - 0,00 $",1
Tires,1
Wheels,1
Tire & Wheel Packages,1
Car Accessories,1
Tools & Tech,1
Car Gallery,1
Home / Accessories / Black Red/Smoke Fiber Optic LED Tail Lights,1
ANZO USA BLACK RED/SMOKE FIBER OPTIC LED TAIL LIGHTS 311265,1
SKU: 311265,1
Chevrolet Suburban/Tahoe 2015-2016 Black Red/Smoke Fiber Optic LED Tail Lights,1
476.00/ea,1
Regular Price: $560.00,1
1,1
3,1
5,1
Availability: No,1
Item(s) Total: $476.00,1
SOLD OUT,1
FITMENT GUARANTEE,1
Orders are verified for fitment guarantee*.,1
EXPERT HELP,1
We know our stuff. Call: 1-877-877-1010 or LIVE CHAT,1
EASY RETURNS,1
Your satisfaction is our goal.,1
Helpful Resources,1
Shipping Information,1
Frequently Asked Questions,1
DESCRIPTION,1
FITMENT APPLICATION,1
Black Red/Smoke Fiber Optic LED Tail Lights,1
"Black Red/Smoke Fiber Optic LED Tail Lights by Anzo®, 1 Pair. Black housing, red/smoke lens. Tired of your dull factory tail lights and feel a strong need to upgrade the rear of your car with something really special? Featuring far more brightness and endurance than stock bulbs, these stunning LED tail lights by Anzo are just the ticket to transform a simple piece of machinery into a classy vehicle.",1
Increased visibility,1
Premium quality,1
Direct bolt-on replacement,1
MANUFACTURER INFO,1
"AnzoUSA is the answer for all of your performance lighting needs. With over 30 years of manufacturing experience, they surpass their competition in quality, innovative styling and product offerings. They are dedicated to providing great service and superior customer support through an experienced sales team and a knowledgeable technical staff.",1
Advertisement,1
Recently Viewed Items,1
ANZO-USA Black Red/Smoke Fiber Optic LED Tail Lights,1
MORE DETAILS,1
FOLLOW US,1
PRODUCTS,1
TIRES BY BRAND,1
TIRES BY TYPE,1
WHEELS BY BRAND,1
CAR ACCESSORIES,1
TIRE & WHEEL TECH,1
Tire Reviews,1
Tire Size Calculator,1
Wheel Offset Calculator,1
Vehicle By Wheel Size,1
Glossary,1
Tire Size Chart,1
More Tech...,1
CUSTOMER SERVICE,1
Ordering,1
Payment Options,1
Shipping Options,1
Fitment Guarantee,1
Return Policy,1
Our Team of Experts,1
Wholesale Program,1
Share Your Car Photos,1
Customer Reviews,1
Certified Installers,1
Make an Appointment,1
Toll Free: 1.877.877.1010,1
Live Chat:,1
Hours:,1
M-F (6:00am - 5:30pm PST),1
Payment Options:,1
"© 2019 1010TIRES.COM®, Inc. All rights reserved.Privacy Policy  Terms of Service Average rating 4.6 of 9397 reviews.",1
"GET THE LATEST TRENDS, INSPIRATION AND NEW ARRIVALS - SIGN ME UP FOR EMAILS",1
Skip to main content,1
Skip to footer,1
About us,1
Our shops,1
Customer services,1
Track order,1
my John Lewis,1
Partnership Card,1
Insurance,1
United Kingdom (GBP),1
Sign in,1
Home & Garden,1
Furniture & Lights,1
Electricals,1
Women,1
Men,1
Beauty,1
Baby & Child,1
Sport & Leisure,1
Gifts,1
Offers,1
Your path to this page. Select a link to go back to a previous page,1
Homepage,1
Bedding,1
Duvet Covers,1
Previous Image,1
Next Image,1
"John Lewis & Partners Warm and Cosy Ombre Check Brushed Cotton Duvet Cover and Pillowcase Set, Red",1
£65.00 - £95.00,1
15 reviews,1
Free standard delivery,1
View delivery options,1
View product description,1
Size,1
Single set,1
This size is available,1
Double set,1
King set,1
Super King set,1
Product price,1
Add to your basket,1
Add to wish list,1
CUSTOMERS ALSO VIEWED,1
"John Lewis & Partners Appin Check Brushed Cotton Duvet Cover Set, Red",1
£45.00 - £75.00,1
"This product has received, on average, 5.0 star reviews",1
-4,1
John Lewis & Partners Warm and Cosy Window Check Brushed Cotton Duvet Cover and Pillowcase Set,1
"This product has received, on average, 2.7 star reviews",1
-10,1
"Fat Face Penguin Check Duvet Cover Set, Multi",1
£35.00 - £65.00,1
-2,1
John Lewis & Partners Warm & Cosy Brushed Cotton Bedding,1
£5.00 - £50.00,1
"This product has received, on average, 4.7368 star reviews",1
-19,1
Product description,1
Product code: 62790801,1
Bed Linen Buying Guide,1
"This cosy bed linen is lightly brushed after weaving, giving it a soft, velvety touch and extra warm feel.",1
100% Cotton,1
"Cotton - The world’s most widely used natural fibre, versatile cotton makes the perfect bed linen; cool, lightweight, soft and breathable.",1
Have you thought about sheeting? Shop here.,1
Bedding sizes,1
To fit duvet/pillow size (cm),1
"Standard pillowcase, L75 x W50cm",1
"Single duvet cover, L200 x W135cm",1
"Double duvet cover, L200 x W200cm",1
"King duvet cover, L220 x W225cm",1
"Super king duvet cover, L220 x W260cm",1
Product specifications,1
Brand information,1
Delivery & returns,1
Ratings & reviews,1
MORE LIKE THIS,1
John Lewis & Partners,1
CUSTOMERS ALSO BOUGHT,1
John Lewis & Partners Warm & Cosy Brushed Cotton Fitted Sheet,1
£18.00 - £24.00,1
"This product has received, on average, 4.6068 star reviews",1
-117,1
John Lewis & Partners Crisp and Fresh 200 Thread Count Egyptian Cotton Standard Fitted Sheet,1
£17.00 - £30.00,1
"This product has received, on average, 4.4656 star reviews",1
-247,1
John Lewis & Partners Natural Cotton Quilted Mattress Protector,1
£25.00 - £45.00,1
"This product has received, on average, 4.3994 star reviews",1
-686,1
John Lewis & Partners Crisp and Fresh 200 Thread Count Egyptian Cotton Deep Fitted Sheet,1
£22.00 - £32.00,1
"This product has received, on average, 4.463 star reviews",1
-257,1
RECENTLY VIEWED ITEMS,1
BE IN THE KNOW,1
"Get inspiration, new arrivals and the latest offers to your inbox",1
Sign me up for emails,1
Never knowingly undersold,1
Contact us,1
Never Knowingly Undersold,1
Our services,1
Product recalls & safety notices,1
Delivery,1
Track your order,1
Delivery & collection,1
Returns & refunds,1
International orders,1
Shopping,1
Buying guides,1
my John Lewis card,1
The Edit,1
Gift Cards & vouchers,1
Shop by brand,1
Terms & conditions,1
Secure shopping,1
Our privacy notice,1
Cookies,1
Our apps,1
More from us,1
John Lewis Broadband,1
Waitrose & Partners,1
The Gift List,1
John Lewis Opticians,1
John Lewis for Business,1
John Lewis Home Solutions,1
JLP Jobs,1
JLP corporate information,1
Community matters,1
What's on,1
Download our 2018/19 Modern Slavery statement,1
Finance,1
Partnership card,1
Home insurance,1
Pet insurance,1
Car insurance,1
Wedding insurance,1
Foreign currency,1
Loans,1
Feedback,1
Your comments help us improve our website,1
Leave feedback,1
© John Lewis plc 2001 -,1
2019,1
Cookies on JohnLewis.com,1
"We use cookies on our websites. You are free to manage this via your browser setting at any time. To learn more about how we use the cookies, please see our cookies policy.",1
close,1
USD,1
Affiliate,1
Search/Span>,1
FPV Equipment,1
Electronics,1
Propellers,1
Motors,1
Frame,1
Radios,1
Action Cameras,1
FPV Accessories,1
Stock Clearance,1
Home / FPV Accessories / Chargers / HOTA D6 PRO Charger AC200W DC650W 15A For 1-6S Lipo Battery with Wireless Charging,1
Previous,1
Next,1
SKU: MR1436,1
Availability:In stock,1
HOTA D6 PRO Charger AC200W DC650W 15A For 1-6S Lipo Battery with Wireless Charging,1
|,1
0 Review(s) | Add Your Review to Win Points,1
US$119.00,1
Version:,1
D6 D6 PRO,1
Add To Cart,1
Usually dispatched in 1-2 business days,1
Reviews,1
Specifications (D6),1
Input Voltage: DC 6.5~30V,1
Charge Current: 0.1~15A × 2,1
Charge Power: 325W × 2(650W),1
Discharge Power Internal discharge: 15W × 2(balance port 10W),1
External discharge: 325W × 2,1
Battery Type LiHv/LiPo/LiFe/Lilon/Lixx : 1~6S,1
NiZn/Nicd/NiMH : 1~16S,1
Smart Battery: 1~6S,1
Lead Acid(Pb): 2~24V,1
Enelop: 1~16S,1
Balance Current: 1600mA × 2,1
Discharge Current: 0.1~3A × 2,1
External Discharge Current: 1~15A × 2,1
USB Output: 5V / 2.1A,1
Dimensions: 108×105 ×76mm,1
Net Weight: 360g,1
Specifications（D6 PRO）,1
Input Voltage: AC100~240V / DC 6.5~30V,1
Charge Power: C 325W × 2(650W),1
AC 200W(Support power distribution),1
Discharge Power Internal discharge: 15Wx2(balance port 10W）,1
External discharge: 325W × 2(650W),1
Enelop : 1~16S,1
Dimensions: 108 ×105 × 76mm,1
Net Weight: 555g,1
Package included:,1
1* HOTA D6 Charger / 1*HOTA D6 PRO Charger,1
Best Seller,1
US$64.99,1
ISDT Q6 Plus 300W 14A MINI Pocket Battery Balance Charger,1
US$ 32.99-100%,1
ISDT PC4860 1-8S Safe Parallel Board XT60 CNC Parallel Charging Board,1
US$49.99,1
"ISDT Q6 Lite 200w Smart Charger With 2.4"" Display",1
US$120.99,1
RadioLink CB86 PLUS Balance Charger With 2.8inch TFT Display,1
HOTA D6 PRO Charger AC200W DC650W 15A For 1-6S Lipo Battery With Wireless Charging,1
prev,1
next,1
Related Products,1
US$32.99,1
US$137.99,1
ISDT D2 200W 24A AC Dual Channel Output Smart Battery Balance Charger,1
US$23.99,1
ISDT BG-8S Smart Battery For Checker Balancer Receiver Signal Tester Quick Charge Function,1
US$22.98,1
Kylin KN-2212002 Screwdriver Set 4PCS 1.5/2.0/2.5/3.0X100mm,1
About,1
"SurveilZone provide thousands of products at incredible prices. We sell not only top quality products, but give our customers a positive online shopping experience. SurveilZone was founded in 2011 at ShenZhen(China), focusing on foreign trade e-commerce. We work to make your life more enjoyable.",1
Information,1
Why Choose SurveilZone,1
Location And Working Time,1
Estimated Delivery Time,1
Locations We Ship To,1
How To Get Points,1
Store Information,1
Call us now: +13473520156,1
Email: info@surveilzone.com,1
Review Sponsor: service@surveilzone.com,1
Skype: surveilzone,1
Wholesale/Reseller: buy@surveilzone.com,1
Why Buy From Us,1
Payment Method,1
Affiliates,1
Privacy Policy,1
My Account,1
Sign In,1
View Cart,1
My Wishlist,1
My Order,1
Facebook Page,1
Follow Us,1
© 2019 SurveilZone.com. All Rights Reserved.,1
All ads,1
සිංහල,1
தமிழ்,1
Chat,1
Login,1
POST YOUR AD,1
"Fashion, Health & Beauty",1
Sort results by,1
Date: Newest on top,1
Show only Buy now ads,1
Type of poster,1
All posters,1
Only members,1
Category,1
"Health & Beauty Products (2,109)",1
"Clothing (1,704)",1
"Watches (1,123)",1
Jewellery (755),1
Sunglasses & Opticians (573),1
Bags & Luggage (390),1
Shoes & Footwear (379),1
Other Personal Items (261),1
Other Fashion Accessories (145),1
Location,1
All of Sri Lanka,1
"Colombo (5,247)",1
Gampaha (879),1
Kandy (393),1
Kalutara (222),1
Kurunegala (148),1
Show more,1
"Showing 1-25 of 7,439 ads",1
ikman Deals,1
Natural Tiger Eye Brown Bracelet 12mm,1
"Rs 1,650Rs 3,00045% OFF",1
Free Delivery,1
Shampoo Bed,1
MEMBER,1
"Gampaha, Health & Beauty Products",1
"Rs 15,500",1
TOP AD,1
Mens Slim Fit Chino Pant,1
"Colombo, Clothing",1
"Rs 1,500",1
"Blue and Yellow Sapphire Gem Ring""නිල සහ පුෂ්පරාග රිදි මූදු""",1
"Kandy, Jewellery",1
"Rs 14,000",1
AO Aviator Silver Sunglasses,1
"Colombo, Sunglasses & Opticians",1
"Rs 2,990",1
10 minutes,1
New Wasthi Sunglasses FF 1000,1
"Rs 3,490",1
13 minutes,1
High Quality Mens Boxer,1
Rs 115,1
5Pcs Baby Diaper Bag Sets,1
"Colombo, Bags & Luggage",1
"Rs 2,999",1
Men's Dri-fit T-Shirts,1
Rs 590,1
1 hour,1
Sector Expander Watch Original Used,1
"Colombo, Watches",1
"Rs 20,000",1
Royal Rings,1
"Ratnapura, Jewellery",1
"Rs 4,500",1
"Rs 5,000",1
Winner Brand Mens Watch,1
"Rs 4,000",1
2 hours,1
A Grade branded clothes,1
"Gampaha, Clothing",1
Rs 950,1
PVC Heavy Duty Rain Coat Jacket & Trouser Unisex,1
"Colombo, Other Personal Items",1
"Rs 1,400",1
Cama Shoes from Australia,1
"Colombo, Shoes & Footwear",1
"Rs 2,000",1
Wedding frock,1
"Rs 15,000",1
Mens Diesel Armbar Original Watch DZ1847,1
"Rs 16,500",1
3 hours,1
Slazenger Ankle Shoe,1
"Gampaha, Shoes & Footwear",1
"Rs 10,000",1
Nike Air Max 270,1
"Kandy, Shoes & Footwear",1
4 hours,1
Outdoor camping backpack 60L,1
"Rs 5,500",1
6 hours,1
Shisha vapes,1
"Kurunegala, Other Personal Items",1
"Rs 2,800",1
Men's shoes,1
"Rs 3,900",1
Titan Original,1
"Rs 21,000",1
Womens purse,1
"Kegalle, Other Fashion Accessories",1
Rs 550,1
Belt for Women,1
Rs 700,1
7 hours,1
Frock,1
"Kegalle, Clothing",1
"Rs 1,200",1
Sweat Blouse,1
Rs 900,1
...,1
Download our app,1
Connect with,1
Like us on facebook,1
More from ikman,1
Sell Fast,0
Buy Now,1
Membership,1
Banner Ads,1
Promotions,1
Help & Support,1
Stay safe,1
Follow ikman,1
About ikman,1
Career,1
Terms and Conditions,1
Privacy policy,1
Sitemap,1
Copyright © Saltside Technologies,1
11/9/2019,1
FREE SHIPPING ON ORDERS $150+ (U.S. ONLY.),1
SIGN IN,1
CAD,1
INR,1
GBP,1
AUD,1
EUR,1
JPY,1
ALL PRODUCTS,1
STACKS,1
BLOG,1
CART,1
STRENGTHSERIES,1
ZMO,1
5 star rating,1
48 Reviews,1
| Leave a Review,1
Science Backed Claims,1
$24.00 USD,1
1 BOTTLE,1
2 BOTTLES,1
3 BOTTLES,1
PRODUCT OVERVIEW,1
"Zinc and Magnesium are the ultimate go-to solution for athletes that over-train and push the limits of their physiques at a competitive level. These two minerals are responsible for thousands of intricate enzymatic processes, and proper dietary intake is essential for optimal health.",1
"Transparent Labs is the first nutrition brand to make a highly bioavailable Zinc and Magnesium supplement, ZMO.",1
"Standing for Zinc, Magnesium, Oyster - each serving of ZMO contains active and accessible Zinc, Magnesium, and trace-mineral rich Oyster Extract!",1
"To be specific, we are proud to disclose the exact forms we use:",1
Zinc Picolinate,1
Magnesium Bisglycinate,1
Oyster Meat Powder,1
"ZMO is the true solution to nighttime muscle recovery and sleep support, vastly out-performing cheap and industrial oxide and aspartate supplements riddled across the supplement industry.",1
Possible ZMO benefits: ,1
A Better nights rest,1
Higher natural energy levels over time,1
Better performance gains,1
Higher testosterone in men,1
SEE PRICING,1
INGREDIENT PROFILE,1
"Directions: As a dietary supplement, take 2 capsules daily with 12 ounces of water. For best results, take on an empty stomach, 30-60 minutes before going to sleep.",1
Servings Per Container: 30 vegi-capsules,1
Elemental Magnesium,1
144 mg,1
"Magnesium is a key mineral contributing to performance and overall health alike. However, certain forms of magnesium often used in sports supplements are also potent laxatives. Transparent Labs ZMO utilizes Magnesium Bisglycinate which is a non-laxative form of magnesium, as well as one of the most bioavailable sources [1]",1
TESTOSTERONE LEVELS,1
"Compared to Zinc, Magnesium shows greater promise in positively effecting testosterone levels. A recent 2010 study found, that both sedentary and athletic males displayed increases in testosterone upon magnesium supplementation. The greatest increase was in athletic individuals, as exercise also increases testosterone. [2]",1
GENERAL HEALTH,1
"Aside from testosterone, Magnesium supplementation is linked to greater insulin sensitivity [3], reduced blood pressure [4], and reduced stress/anxiety [5].",1
Elemental Zinc,1
10 mg,1
500 mg,1
"Oyster is often regarded as a potent aphrodisiac due to its naturally high zinc and magnesium concentrations. However, beyond Zinc and Magnesium are the more important trace minerals that act as co-enzymes in the body and maximize zinc and magnesium utilization.",1
"In addition to delivering a wide array of 59 trace minerals, Oyster Meat is also under investigation for increasing endurance [10], anti-oxidant activity [11], and immunity function in athletes [12].",1
OTHER POPULAR PRODUCTS,1
PRESERIES,1
BULK PRE-WORKOUT,1
$49.00 - $119.00,1
PROTEINSERIES,1
100% GRASS-FED WHEY PROTEIN CONCENTRATE,1
$49.00 - $123.00,1
WELLNESSSERIES,1
PREBIOTIC GREENS,1
$36.00 - $98.00,1
CREATINE HMB,1
$39.00 - $87.00,1
STRENGTHSERIES ZMO FAQ'S,1
Q: When will my order be shipped out?,1
Q: How should StrengthSeries ZMO be taken to maximize its effectiveness?,1
"Q: I am subjected to drug testing for my sport, can I take StrengthSeries ZMO?",1
"Q: I don't live in the United States, can I still buy StrengthSeries ZMO?",1
Q: Does StrengthSeries ZMO require a post cycle regiment?,1
Q: Is it necessary to cycle on and off StrengthSeries ZMO? HMB?,1
Q: How long until I notice results in my training?,1
Q: Does Transparent Labs ship to my Country?,1
Other top rated products,1
PreSeries LEAN Pre-Workout,1
4.79576 star rating,1
-945,1
$49.00,1
PhysiqueSeries Fat Burner,1
4.75356 star rating,1
-211,1
PreSeries BULK Pre-Workout,1
4.81425 star rating,1
-2245,1
ProteinSeries 100% Grass-Fed...,1
4.88381 star rating,1
-766,1
$59.00,1
StrengthSeries Creatine HMB,1
4.87958 star rating,1
-382,1
$39.00,1
PreSeries STIM-FREE Pre-Workout,1
4.78397 star rating,1
-574,1
Powered by,1
4.9 star rating,1
49 Reviews,1
23 Questions \ 23 Answers,1
-43,1
-5,1
-1,1
ASK A QUESTION,1
WRITE A REVIEW,1
Reviews (49),1
Questions (23),1
R,1
Rodney J.,1
Verified Buyer,1
11/09/19,1
ZMO supplement,1
I really like the ZMO. I feel better today with it.,1
Share Review by Rodney J. on 9 Nov 2019,1
Was This Review Helpful?,1
J,1
Jorge H.,1
10/04/19,1
Good supplements,1
Share Review by Jorge H. on 4 Oct 2019,1
K,1
Kariim S.,1
09/22/19,1
Great product.,1
I love this product it helps me sleep like a baby without feeling groggy in the morning.,1
Share Review by Kariim S. on 22 Sep 2019,1
T,1
Trey E.,1
07/20/19,1
Great,1
"These supplements have actually worked for me since I’ve started using them now for about 3 weeks to a month consistently. Tried quite a bit of supplements before hand that just never did the trick for my preworkouts (pump, energy, focus) or my recovery. (Sleep, mood, reduced soreness and the drive to want to get at it again the next day in the gy...Read More",1
Read more about,1
Share Review by Trey E. on 20 Jul 2019,1
James A.,1
07/16/19,1
Great product,1
excellent product. aids in a solid night sleep. definitely helps with energy levels. will purchase again,1
Share Review by James A. on 16 Jul 2019,1
1 2 3 4 5 6 7 8 9 10,1
SIGN UP FOR OUR NEWSLETTER,1
"Sign up to get the latest on sales, new releases and more …",1
Shipping Info,1
Wholesale,1
LINKS,1
Macro and Calorie Calculator,1
Certificates of Analysis,1
Certificates of Composition,1
Referral Program,1
SOCIAL,1
"© 2019 Transparent Labs. Statements contained herein have not been evaluated by the Food and Drug Administration. This product is not intended to diagnose, treat, cure or prevent any disease.",1
Powered by Shopify,1
SHOP,1
LEARN,1
ABOUT ZOEVA,1
TOTAL,1
$0.00*,1
HERE TO STAY: FREE SHIPPING ON ORDERS OVER 100 USD,1
BAG,1
HOME / ROSE GOLDEN COMPLETE EYE SET,1
ROSE GOLDEN COMPLETE EYE SET,1
VOL. 1,1
$90.00*,1
0.0 star rating,1
TREAT YOURSELF,1
"Inspired by the dazzling fusion of copper and gold, our ZOEVA Rose Golden Complete Eye Set Vol. 1 is a true masterpiece. The enchanting composition of 12 luxurious, handcrafted eye brushes made of rose golden ferrules and matte brown handles comes stowed in an elegant dark brown brush clutch and is a statement accessory on every beauty lover’s...",1
Read more,1
COLOR: VOL. 1,1
"*PRICES INCL. VAT, SHIPPING COSTS APPLY *PRICES EXCL. VAT, SHIPPING COSTS APPLY",1
"CONTENT; 1.00 PC(S), BASE PRICE: $90.00 / 1.00 PC(S), PRODUCT-CODE: SBE12S1",1
APPLICATION,1
PACKAGING AND CONTENT,1
142 / CONCEALER BUFFER pure synthetic hair,1
Applies and blends concealer,1
224 / LUXE DEFINED CREASE natural synthetic hair blend / Treated goat hair,1
Blends eyeshadow in the crease,1
226 / SMUDGER pure synthetic hair,1
Blends eyeshadow and kohl along the lash line,1
227 / LUXE SOFT DEFINER natural synthetic hair blend / Treated goat hair,1
Softly blends and smoothes eyeshadow,1
228 / LUXE CREASE natural synthetic hair blend / Treated goat hair,1
Blends and shades eyeshadow in the crease,1
230 / LUXE PENCIL natural synthetic hair blend /...,1
ABOUT ZOE BOIKOU,1
MEET THE FOUNDER,1
"Having transformed herself from a makeup consumer to the CEO of a global beauty brand, Zoe Boikou is a true entrepreneur. Born in Greece, Zoe moved to Germany with her family at age 10, where she later discovered a lack of high-quality, reasonably priced makeup brushes on the market. Taking matters into her own hands, she began selling makeup brushes on eBay in 2008.",1
"A decade later, ZOEVA’s collection has grown from 10 brushes to nearly 300 makeup products and tools, and Zoe remains as committed as ever to creating quality products at a reasonable price and helping women around the world celebrate their individual beauty.",1
SIMILAR PRODUCTS,1
"*PRICES INCL. VAT, SHIPPING COSTS APPLY",1
"*PRICES EXCL. VAT, SHIPPING COSTS APPLY",1
EXPLORE ZOEVA,1
NEW & EXCLUSIVE,1
Shop our latest collections and online exclusives,1
BESTSELLERS,1
See all our fan favorite must-haves,1
HIGHLIGHTER PALETTES,1
Shine bright with dazzling shades,1
POSITIVELY BEAUTIFUL. AUTHENTICALLY YOU.,1
BRUSHES,1
EYES,1
FACE,1
LIPS,1
ACCESSORIES,1
MAKEUP SETS,1
COLLECTIONS,1
CAREERS,1
WHOLESALE,1
SHIPPING AND PAYMENT,1
STORE LOCATOR,1
SITEMAP,1
JOIN OUR NEWSLETTER,1
© ZOEVA US 2019,1
IMPRINT,1
COUNTRY: UNITED STATES,1
"We use cookies and other tracking tools on this site. These serve to improve as well as personalize our offering, among other things. By making use of our services (clicking/scrolling), you consent to the tracking of your data. This consent can be withdrawn voluntarily and freely. You can change your cookie settings and prevent the tracking in its entirety or in part at any time. How this is done is explained in our Cookie Policy. Further information can also be found in our Privacy Policy.",1
Call 040 - 67006700 for help,1
Locate A Store| Download App  |  Sign In/Register,1
Enter your delivery Locality,1
or Pincode to start shopping,1
Type your area name / pincode,1
Submit,1
Locate me,1
"Note: Selection of service locality/pincode is required to place an order. Our Default locality is Balanagar, Hyderabad.",1
All Product,1
"6/56, Bhavani Nagar, Moosapet, Hyderabad, Telangana 500018, India , Hyderabad",1
Home Delivery Available,1
HEALTH STORE,1
PHARMACY,1
FLEXIREWARDS,1
PROMOTIONS,1
HEALTHY LIFE,1
Home  Baby Needs  Baby Care  Baby Creams & Lotions  Baby Dove Rich Moisture Nourishing ...,1
Hover to Zoom,1
BABY DOVE,1
BABY DOVE RICH MOISTURE NOURISHING BABY LOTION 200ML,1
MRP  180,1
108,1
Save 40%,1
Inclusive of all Taxes,1
Standard Delivery - Free,1
Available In 24 Hrs,1
Also available at the following stores near you,1
Product Information,1
"Baby's skin is 30% thinner than the adult skin, which makes it lose moisture faster, especially during bath time. Baby Dove Rich Moisture Nourishing Baby Lotion moisturizes and soothes the baby's skin from the first use itself, keeping the baby's skin thoroughly moisturized for up to 24 hours. This lotion is hypoallergenic and pH neutral, which makes it gentle, mild and non-irritating on the baby's skin. This also makes it ideal for daily use.",1
Suitable for new borns as well.,1
Benefits of Baby Dove Rich Moisture Nourishing Baby Lotion,1
"Dermatologist and pediatrician-tested Replenishes the baby's skin with moisture, and locks in the moisture for up to 24 hrs Moisturizes and hydrates the baby's skin, making it soft and healthy Gentle, mild and non-irritating on the baby's skin Ideal for everyday use",1
Usage,1
"After bathing the baby, it is advisable to take a required amount of the Baby Dove Rich Moisture Nourishing Baby Lotion onto your hands and warm it, and then apply it onto the baby's skin by gently massaging it into the baby's skin, giving more attention to the especially dry areas. For the best results, use this lotion on a daily basis.",1
100% Protection,1
Genuine Products|Secure Payments,1
Applicable Offers,1
PAYTM,1
Get Upto 350 Cashback | Min order value Rs 1000 | Tiered Campaign T & C,1
MOBIKWIK,1
Use code KWIK20 | Get 20% Supercash | Max upto Rs 150 T & C,1
Other Products,1
HIMALAYA BABY LOTION 200ML,1
MRP 145,1
127.6,1
Save 12%,1
HIMALAYA BABY CREAM 200 ML,1
MRP,1
235,1
Save upto 5%,1
HIMALAYA BABY CREAM 100 ML,1
MRP 128,1
112.64,1
HIMALAYA DIAPER RASH CREAM 20GM,1
64,1
HIMALAYA BABY LOTION 400 ML,1
255,1
SEBAMED BABY WASH EXTRA SOFT 200ML LOTION,1
456,1
JOHNSON'S BABY CREAM 100GM,1
135,1
SEBAMED DIAPER RASH CREAM 100ML,1
470,1
AVEENO DAILY MOISTURIZING 354ML LOTION,1
850,1
HIMALAYA BABY LOTION 100 ML,1
85,1
More Products from BABY DOVE,1
More Baby Creams & Lotions,1
More Baby Creams & Lotions from BABY DOVE,1
Subscribe Now,1
About Us FAQs Locate A MedPlus Store Track Orders Browse All Brands Customer Feedback Contact Us,1
General Store,1
Baby-Needs: Baby Food / Baby Care,1
"Personal-Care: Skin Care / Sanitary & Hygiene / Oral Care / Hair Care / Bath & Body Products / Sexual Wellness / Deodorants & Perfumes / Eyes, Ears & Lips / Shaving & Hair Removal / Hand, Foot & Nails",1
Health-n-Nutrition: Health Drinks / Breakfast Cereals / Nutritional Foods / Weight Management,1
OTC-n-Health-Needs: First Aid / Pain Relief / Cold Relief / Joint Care & Support / Skin & Foot Care / Digestives & Laxatives / Healthcare Devices / Anti-Smoking Products,1
Vitamins-n-Supplements: Sports Supplements / Vitamins & Minerals / Herbal Supplements / Jamieson,1
Diabetic-Needs: Diabetic Testing Needs / Diabetic Nutrition / Diabetic Aids,1
"Household-Needs: Cleaning Needs / Detergents / Home Utilities / Kitchen Utilities / Luggage / Bakery & Confectionary / Beverages / Jams, Sauces & Spreads / Dairy Products / Branded Organic & Ayurvedic",1
Pharmacy,1
Medicine Information: Health Records / Request a Product / Store Locator / Top Searches / Alphabet Wise Products,1
"Browse drugs by Therapeutic category: Gastrointestinal & Hepatobiliary System / Cardiovascular & Hematopoietic system / Respiratory System / Central Nervous System / Musculo-Skeletal System / Hormones / Contraceptive Agents / Infectious Disease Drugs / Oncology / Genito - Urinary System / Endocrine & Metabolic System / Vitamins & Minerals / Nutrition / Eye / Ear & Mouth / Throat / Dermatologicals / Anaesthetics & Intravenous Solutions / Allergy & Immune System / Antidotes, Detoxifying Agents & Drugs Used in Substance Dependence / Miscellaneous",1
Browse Surgicals products by category: Anaesthesia / Cardiovascular / CSSD / Catheters & Tubes / IV Needs / Mobilization Equipment / Orthopaedic / Surgicals / Pulmonary/Emergency Care / Diagnostic/Imaging,1
Payments,1
Partners,1
Follow us,1
About MedPlusMart:,1
MedPlus: One of the most trusted gateways to medicines and general provision,1
"With an aim to eradicate fake and ineffective medicines, and supply high-quality medicines in India, MedPlus was launched in 2006 in Hyderabad. According to WHO research, every 1 or 2 in 10 medicines are proven to be adulterated in low/medium income countries like India and MedPlus aspires to bring about a change in this statistic. To encourage and elevate transparency in the functioning of the pharmaceutical industry, MedPlus has been successfully contributing in providing genuine and unadulterated medicines since its inception. Currently operating in 300+ cities, with 1500+ offline stores in India, MedPlus is the second largest pharmacy chain in India today. Welcome to a seamless and impeccable shopping experience!",1
6 Reasons for you to Shop from MedPlus:,1
Authentic medicines: Be 100% assured of receiving genuine medicines,1
Monthly provisions: One stop store for both medicines as well as monthly provisions (kiraana),1
Quick to-door deliveries: We ensure the delivery of well-packaged products to your doorstep at quick timelines.,1
"Pocket-friendly: Our range of discounts, offers and deals will allow you to go economical everyday, everytime. We recommend you to explore FlexiRewards, our special saving scheme.",1
Customer-friendly: Order from the comfort of your sofa with our easy browsing and smooth billing procedure. Our hassle-free Upload Prescription option allows you to seamlessly upload your prescription online and have your medicines delivered to you!,1
Track and Re-Order: Conveniently refer to all your previous bills and orders which will allow you to re-order with a single click.,1
"Also, for those of you who prefer offline shopping, locate your nearest store and get going!",1
© 2019 MedPlusMart.com. All rights reserved.,1
Pre Black Friday Sale! Save 18% || Coupon code: EARLYBF,1
877-822-8659,1
BROTHER,1
CANON,1
DELL,1
EPSON,1
HP,1
SAMSUNG,1
XEROX,1
MORE BRANDS,1
Brother TN660 Compatible Toner Cartridge 5-Pack,1
MSRP: $64.99,1
$44.99,1
(You save $20.00 ),1
Item Number: CBTN660VB,1
(82 reviews) Write a Review,1
In Stock & Ready to Ship,1
Brother TN660 Toner Cartridge 5-Pack - Compatible,1
"SuppliesOutlet.com's compatible Brother TN660 toner cartridge is guaranteed to meet or exceed original Brother toner cartridges in both print quality and page yield. Our toner cartridges have been engineered to create consistent, high quality images. Our Brother TN660 toner cartridges are made with the highest quality new and recycled components in ISO9001 / ISO14001 certified factories. SuppliesOutlet.com offers 100% OEM compatible toner cartridges and a lifetime performance guarantee.",1
SuppliesOutlet.com is the leader in quality compatible printer supplies.,1
Product Specification,1
Condition,1
New Compatible,1
Lifetime Warranty from us & will not void your printer warranty.,1
Page Yield,1
2600 per cartridge,1
Color(s),1
Black,1
Multipack Includes,1
Five TN660 Toner Cartridges,1
Replaces the Following Manufacturer Numbers:,1
TN630,1
TN660,1
Compatible with the Following Printer Models:,1
DCP-L2520DW,1
DCP-L2540DW,1
HL-L2300D,1
HL-L2305W,1
HL-L2315DW,1
HL-L2320D,1
HL-L2340DW,1
HL-L2360DW,1
HL-L2380DW,1
MFC-L2680W,1
MFC-L2685DW,1
MFC-L2700DW,1
MFC-L2705DW,1
MFC-L2707DW,1
MFC-L2720DW,1
MFC-L2740DW,1
100% Satisfaction Guarantee,1
Same day shipping for orders placed by 6pm (EST),1
Made with the highest quality New & Recycled components in ISO9001/14001 certified factories,1
LIFETIME performance guarantee... Click for info,1
100% OEM Compatible - Guaranteed to meet or exceed the performance of your original cartridge and print tested at the factory,1
Nearly all our products have these certifications! Compare our Quality!,1
What Other Customers Are Saying,1
great,1
Posted by robert wagar on Jun 19th 2019,1
"works well, fastest shipping, dependable supplier, ordered many times before. Will order again",1
Best Cartridge for the money EASY,1
Posted by BOTY (Boss Of The Year) on Mar 5th 2019,1
"We now have 6 Brother printers that run on these cartridges which we use for office printing, job tickets, memos etc.. These cartridges will not win any awards for the greatest print coverage, but they will save you a ton of money. We can buy a 5pack here for the price of 1 cartridge from a big-box store and free shipping always helps..",1
"So if you're planning on using these to print beautiful charcoal drawings, these may not be for you, but for normal printing these are great..",1
I WILL ALWAYS BUY THIS PRODUCT THRU SO.com,1
Posted by Rose on Feb 22nd 2019,1
"I own a Tax business and were ALWAYS in need of toner, and SuppliesOutlet is the BEST company by far that we have ever dealt with!",1
Arrived as ordered and as promised.,1
Posted by mike_at_GLY on Feb 15th 2019,1
Easy to work with. I'll be back. Thank you.,1
Very Happy,1
Posted by EL on Aug 15th 2018,1
I've been ordering these for years. Really helps keep our copying costs down.,1
Quality for a fraction of the normal cost,1
Posted by Aaron on Aug 14th 2018,1
I can buy about 5 high capacity printer cartridges or 1 locally for about the same price. Do a little planning and save big!,1
"Good product, great buy!",1
Posted by skeptic on Jul 30th 2018,1
"See no difference from Brother's product, except in price",1
greta product,1
Posted by Jimmy V. on Mar 19th 2018,1
"I got the toner and right on time, works great thanks!!",1
Fast shipping,1
Posted by Cindy on Mar 19th 2018,1
The shipping time was great and the product is always good. I have going to begin purchasing the Jumbo style of this toner as it is double the amount of copies and only $3.00 more in price. Wish I would have noticed sooner.,1
RELATED ITEMS,1
"Brother TN660 Set of Two Compatible Toner Cartridges for HL-L2320D, HL-L2340DW and HL-L2360DW ..",1
$26.99,1
Brother TN660 OEM High Yield Black Toner Cartridge,1
$61.09,1
Brother TN660 Compatible Black Jumbo Toner Cartridge ..,1
$19.99,1
Brother TN660 Compatible Black Toner Cartridge,1
MSRP: $14.99,1
$9.99,1
Brother TN660 Compatible Black Toner Cartridge.,1
$10.99,1
Navigate,1
Warranty & Returns,1
Shopping Cart,1
Printer Brands,1
Brother,1
Canon,1
Dell,1
Epson,1
Samsung,1
Xerox,1
More Brands,1
Info,1
Supplies Outlet,1
5440 Reno Corporate Dr,1
"Reno, NV 89511",1
Call us at 1-877-822-8659,1
Subscribe for Savings,1
Get the latest updates on new products and upcoming sales,1
"All manufacturer brand names are registered trademarks of their respective owners. Any brand name designations or references are made solely for descriptive purposes or for demonstrating cartridge compatibility. Suppliesoutlet.com has no affiliation with The Hewlett Packard Company (“HP”), and is not an authorized distributor of genuine HP products. SuppliesOutlet.com is not responsible for typographical errors. SuppliesOutlet.com's limitation of liability is strictly limited to the purchase price of the product. In no event shall we be responsible for incidental or consequential damages of any kind. Prices and availability are subject to change at any time. 5440 Reno Corporate Drive | Reno, NV 89511",1
© 2019 Supplies Outlet - All rights reserved.,1
SHOP NOW,1
STORES,1
ShopHomeNETGEAR  Router & Satellite...,1
"Say goodbye to any wiring thanks to a fast, dedicated wireless connection between router and satellite. The Orbi Pro AC3000 Tri-band WiFi System by NETGEAR comes with an Orbi Pro Router and Satellite that provide seamless, high-speed WiFi with high-performance FastLane3 patented Tri-band AC3000 technology. It provides WiFi for up to 40 users and covers up to 5,000 sq ft. Features include MU-MIMO and wire-free installation.",1
NETGEAR Router & Satellite WiFi System SRK60,1
Orbi Pro Better WiFi for Businesses and Customers,1
b8ta price,1
$499.99,1
Sorry this product is currently out of stock. Enter your email and we’ll let you know when it’s back.,1
EMAIL ADDRESS,1
SUBMIT,1
Free shipping.,1
Full refund on most items within 30 days.,1
See details.,1
AccessibilitySupportCareersPressPartner With UsBuilt by b8taPrivacyTerms of UseBlog,1
© 2019 b8ta,1
UK & Ireland,1
Products,1
Support,1
Education,1
News,1
Corporate,1
Label Products,1
KL-7400-UH,1
KL-7400 Label Printer,1
At a glance,1
Features,1
Specifications,1
The image colour may differ slightly from the original.,1
£69.98,1
Buy,1
"This KL-740 Label Printer display 4 lines and 16 digits metal cover. Its comes with barcode printing, 20 character sizes (1x1 to 4x4) with auto power.",1
Functions,1
No. of Lines max. 3,1
20 Character Sizes (1x1 to 4x4),1
60 pre-installed logos with text and icons,1
Copy & Paste Function,1
Full & Half Cut Function,1
"Barcode Printing: EAN-8, EAN-13",1
Fonts 5,1
"Effects Shading, Underline, Box",1
General Data,1
  QWERTY-Keyboard,1
Display 4 Lines / 16 DigitsMetal Cover,1
Printing Speed 10 mm/sec.,1
Resolution 200 dpi,1
Size (W x L x H) 202 x 216 x 64.5mm,1
Weight 750 g,1
Battery 8 x AA,1
Supported Label Tape Sizes 6 / 9 / 12 / 18 / 24 mm,1
"In order to ensure best printer function and stability, always use only genuine CASIO tape cartridges. Use of a non-CASIO tape cartridge can harm your printer, result in poor printing quality, and cause other problems that can permanently affect the printer’s ability to perform at the level for which it was designed. Also note that problems caused by use of a non-CASIO tape cartridge are not covered by the printer’s warranty, so any charges required for servicing and repair must be borne by you.",1
Support Information,1
FAQs,1
Manuals,1
Downloads,1
Category Home,1
Watches,1
Electronic Musical Instruments,1
Calculators,1
Label Printers,1
Integrated EPoS Solutions,1
Cash Registers,1
Projectors,1
Digital Cameras,1
Handheld Terminals,1
Windows / Mac OS,1
iOS / Android,1
Repair Tracking,1
Servicing & Repairs,1
Trade Repair Tracking,1
Product Registration,1
Resources,1
Training,1
Case Studies and News,1
Where to purchase,1
Modern Slavery Act,1
WEEE Regulations,1
Shipping Returns,1
YouTube,1
© 2019 CASIO ELECTRONICS CO. LIMITED Privacy Policy Terms of Use Cookie Policy Sitemap,1
UK & Ireland  Select Country or Region,1
Free Shipping On Orders Over $49. Details,1
Log In  Saved for Later Cart(0),1
AmericanMuscle.com,1
TALK TO A MUSTANG ENTHUSIAST,1
1-877-887-1105,1
"M-F 8:30A-11P, Sat-Sun 8:30A-9P",1
1999-2004 MUSTANG CHANGE YEAR,1
CHANGE VEHICLE,1
Deals,1
Lifestyle,1
Brakes,1
Drivetrain,1
Engine,1
Exhaust,1
Exterior,1
Intake,1
Interior,1
Lights,1
Restoration,1
Suspension,1
Tuners,1
Wheels & Tires,1
"Win $5,000 For Your Mustang! Enter Daily",1
Mustang Parts & Accessories Ford Mustang Wheels & Tires Ford Mustang Wheels 1999-2004 Mustang Parts & Accessories 1999-2004 Mustang Wheels & Tires 1999-2004 Ford Mustang Wheels,1
Rovos Cape Town Satin Silver Wheel - 18x10.5 - Rear Only (99-04 All),1
Item 398170G99,1
Customer pics (6),1
Call a Mustang Enthusiast at 1-877-887-1105,1
5 Reviews 2 Answers,1
Market Price $328.90,1
You Save 54% ($178.91),1
On Sale,1
$149.99 (each),1
FREE Shipping,1
or as low as $14/mo with Affirm,1
see how much you prequalify for,1
WILL THIS FIT YOUR MUSTANG?,1
1999-2004,1
Choose Year,1
200420032002200120001999,1
Change Vehicle,1
Help?,1
Item Options,1
YES: Free Mount and Balance,1
$0.00,1
Yes,1
No,1
FREE 3-day Delivery,1
"In Stock Get it by Thursday, 11/14",1
Ship to: Old Westbury - 11568,1
UPDATE,1
Save for later,1
99-04 Mustang Owners Who Viewed This Item Also Viewed,1
-3,1
Rovos Cape Town Satin Bronze Wheel - 18x10.5 - Rear Only,1
(99-04 All),1
$140.41,1
Rovos Cape Town Satin Silver Wheel - 18x9,1
$209.79,1
Rovos Pretoria Silver Wheel - 18x9,1
$161.29,1
Features & Details,1
Five-Spoke Construction,1
Satin Center Cap,1
Powder Coated Satin Wheel with and Gloss Silver details,1
Fits all 1999-2004 Mustangs,1
Product Resources,1
Customer Photos (6) Customer Reviews (5) Questions (2) & Answers (2),1
Hit the Road with Attitude. Choose Rovos Cape Town Satin Silver Wheels for a bona fide bump in attitude. These wheels feature a contemporary five-spoke design that extends from the hub to the lip with a slight curve a the rim for style points. Rovos Cape Town Satin Silver Wheels are just what you need to add aggression to your aesthetic.,1
"Show Them What You’ve Got. Rovos Cape Town coats their Satin Silver Wheel with a premium finish and just the right amount of satin accents to give this rim a bold, modern contrast. With Rovos Cape Town Satin Silver Wheels, you can drive for the win confident that you and your ride will look awesome on the podium.",1
"Top Notch Quality. Rovos Cape Town casts their Satin Silver Wheel using low pressure, 99.9 percent pure aluminum that results in a stronger, denser wheel that holds up to the high-performance demands of the track. The manufacturing process saves costs, which Rovos passes on to you. Save money, look great and paint the track in style with Rovos Cape Town Satin Silver Wheels.",1
Warranty. Rovos warrants this wheel against material defects for 5-years and structural integrity for the life of the product. The guarantee protects the original purchaser.,1
Recommended or Required Upgrades. Combine two 18 inches by 9-inch front wheels and two 8 inches by 10.5 inch rear wheels for a staggered stance.,1
Application. The 18x10.5 Rovos Cape Town Satin Silver Wheel is designed to fit all 1999-2004 Ford Mustangs.,1
Fitment: 199920002001200220032004 Details,1
Mounting & Balancing: AmericanMuscle offers professional mounting and balancing on all wheels and tires when purchased together on the same order for an additional fee. This will allow you to swap out your old wheels for your new set when they arrive. We even offer Free Nitrogen tire fill.,1
State of the Art On-Site Tire Facility,1
Scratch Free Mounting Process,1
"Environmentally Friendly, Lead Free Wheel Weights",1
Free Optional Nitrogen Tire Fill,1
1 to 2 Business Day Turn Around Time on Most Orders,1
MPN# SC072-1805511423SSCH,1
CA Residents:  WARNING: Cancer and Reproductive Harm - www.P65Warnings.ca.gov,1
What's in the Box,1
(1) Wheel,1
(1) Center Cap,1
Installation Info,1
Installation Time,1
(approx) 30 Minutes,1
Difficulty Level:,1
Simple installation for anyone.,1
Installation Guides,1
No guide available for this part yet. Find out how to get up to $200 for writing an install guide.,1
Tech Specs,1
People Who Viewed This Item Ultimately Bought,1
Bullitt Solid Anthracite Wheel - 17x8,1
$59.99,1
-29,1
2010 GT500 Style Black Wheel - 18x10 - Rear Only,1
(94-98 All),1
$135.99,1
Customer Photos (6),1
Submit Your Photo,1
46,1
26,1
17,1
16,1
8,1
VIEW ALL 6 PHOTOS,1
Top Wheels for your 99-04 Mustang,1
-79,1
2003 Cobra Style Black Wheel - 17x9,1
$129.99,1
(100+),1
Deep Dish Bullitt Black Wheel - 17x10.5 - Rear Only,1
$120.99,1
-6,1
2013 GT500 Style Gloss Black Wheel - 18x9,1
$171.99,1
Deep Dish Bullitt Anthracite Wheel - 17x10.5 - Rear Only,1
$108.63,1
Magnetic Style Black Wheel - 19x8.5,1
$164.99,1
-65,1
1995 Cobra R Style Chrome Wheel - 17x9,1
$169.99,1
-71,1
Deep Dish Bullitt Black Wheel - 18x10 - Rear Only,1
$154.00,1
-32,1
Bullitt Motorsport Black Wheel - 18x10 - Rear Only,1
$164.00,1
Questions & Answers (2),1
2 Top Rated Questions,1
Can you install 18x10.5 on the front ?,1
"We would say no, some people may try this with spacers, but it is too large for the front, and spacers would put undue stress on the front axle. In addition, you would likely experience rubbing.",1
Helpful (0),1
will these fit a 06 gt? i dont want the 20s :/,1
These will work on the 06 models yes.,1
Not finding an answer? Ask your question!,1
Post Your Question,1
Rovos Cape Town Satin Black Wheel - 18x10.5 - Rear Only,1
$175.32,1
Rovos Durban Black Chrome Wheel - 18x10.5 - Rear Only,1
$299.00,1
-7,1
Rovos Durban Gunmetal Wheel - 18x10.5 - Rear Only,1
$201.64,1
Bullitt Chrome Wheel - 17x8,1
$183.99,1
-47,1
Deep Dish FR500 Style Anthracite w/Machined Lip Wheel - 18x10 - Rear Only,1
$154.99,1
-89,1
AMR Black Wheel - 18x10 - Rear Only,1
(05-09 All),1
$139.99,1
Rovos Durban Satin Bronze Wheel - 18x10.5 - Rear Only,1
$202.24,1
-39,1
Saleen Style Black Chrome Wheel - 18x10 - Rear Only,1
$235.99,1
Customer Reviews (5),1
Overall Rating,1
4.8,1
out of 5 stars,1
Installation Time:Less than 1 Hour,1
Finish,1
Appearance,1
Quality,1
Bang For Your Buck,1
Search Reviews,1
Sort By,1
Most Helpful,1
Oldest First,1
Highest Rated,1
Lowest Rated,1
Filter By,1
All Ratings,1
5 Stars,1
4 Stars,1
All Years,1
2004,1
2003,1
2002,1
2000,1
1994,1
All Submodels,1
Cobra,1
GT,1
Mach 1,1
5/5,1
"September 27, 2019",1
Review from Rovos Cape Town Satin Silver Wheel - 18x10.5 - Rear Only (94-98 All),1
Sexy wheel,1
"i love the fact that it has a 3 inch lip with the concave design contrast. absolutely a great rear wheel paired with the fronts obviously, i am running 5/16 rear spacers to give a little more aggressive look but that’s just me!",1
taylort,1
Year: 2004,1
Submodel: Mach 1,1
Bang for your Buck,1
"April 21, 2018",1
Nice Wheel,1
"My wife purchased the Cape Towns for me for Christmas, after I finally got my suspension work done they were finally installed. I love the look and the ride quality is excellent. The only issue was one of the center caps on the staggered set was polished instead of silver but American Muscle took care of that in no time. If you order these without tires, make sure you let your tire installer know that the stainless steel lip is very soft, both my 18X10.5 rear wheels were damaged with dents by the installer during tire installation. Overall I love them.",1
NevilleC,1
Year: 2003,1
Submodel: GT,1
Helpful (7),1
"March 29, 2018",1
Nice!!!,1
I'm loving the rims and was worried about the offset but they lined up well.........look great!,1
Joe,1
Year: 1994,1
Submodel: Cobra,1
4/5,1
"December 10, 2017",1
Great quality wheels great finish,1
defiantly look way more expensive then they are great looking wheels,1
WillyC,1
Year: 2000,1
Helpful (8),1
Installation Time:Afternoon,1
"August 18, 2017",1
Great!,1
"These rims are awesome. Makes my car stand out against the rest in town, must get these!",1
Master,1
Year: 2002,1
Word on The Street,1
"Fast & easy, great photos of item as well as great description of what to expect from the seller!",1
kuruxjz,1
Previous Slide Next Slide,1
Meet Our Team,1
"Dave, Gray Metallic '16 GT",1
Category Manager,1
"After owning several other Mustangs including 99 Cobra and a bunch of Fox body’s I finally decided it was time for a new car. One that would be reliable, fast, and be able to cruise with the AC on in the summer.  When the S550 platform came out I knew I had to have one.",1
SEE ALL PROFILES,1
PROJECT CARS & EVENTS,1
Project Cars,1
Bolt-On Build-Ups,1
Our Rides,1
Events,1
Hot Lap Episodes,1
Check Order Status,1
International FAQ,1
ABOUT,1
Our Team,1
Overview,1
Awards,1
Giving Back,1
Mustang Clubs,1
Submit a Guide,1
SHOP MUSTANG,1
New Mustang Products,1
Mustang Deals,1
Mustang Brands,1
Mustang Info & Advice,1
Mustang Parts by Year & Model,1
Mustang Specs By Year,1
Subscribe: New Mustang videos daily!,1
Subscribe to our YouTube Channel,1
ENTER YOUR EMAIL FOR DEALS & OFFERS,1
SIGN UP,1
Connect with us on Facebook,1
AmericanMuscle on Youtube,1
Connect with us on Instagram,1
"FORD, FORD MUSTANG, MUSTANG GT, SVT COBRA, MACH 1 MUSTANG, SHELBY GT 500, COBRA R, BULLITT MUSTANG, SN95, S197, V6 MUSTANG, FOX BODY MUSTANG, AND 5.0 MUSTANG ARE REGISTERED TRADEMARKS OF FORD MOTOR COMPANY. DODGE, DODGE CHALLENGER, SRT8, R/T, RALLYE REDLINE, SCAT PACK, SRT HELLCAT, SRT DEMON, T/A, PENTASTAR, AND HEMI ARE REGISTERED TRADEMARKS OF FIAT CHRYSLER AUTOMOBILES (FCA). SALEEN IS A REGISTERED TRADEMARK OF SALEEN INCORPORATED. ROUSH IS A REGISTERED TRADEMARK OF ROUSH ENTERPRISES, INC. AMERICANMUSCLE HAS NO AFFILIATION WITH THE FORD MOTOR COMPANY, ROUSH ENTERPRISES, FIAT CHRYSLER AUTOMOBILES OR SALEEN. THROUGHOUT OUR WEBSITE AND MUSTANG CATALOG THESE TERMS ARE USED FOR IDENTIFICATION PURPOSES ONLY.",1
2003-2019 AMERICANMUSCLE.COM. ®ALL RIGHTS RESERVED  SITEMAP  |  PRIVACY POLICY  |  MOBILE SITE,1
Vibrators,1
Couples,1
Penis Toys,1
Dildos,1
Strap-Ons,1
Anal Toys,1
More,1
Movies,1
Sale,1
FREE STANDARD SHIPPING ON ALL ORDERS OVER $69,1
Customer Service,1
Stores,1
Customer Service: (888) 289-8423,1
VIBRATORS,1
COUPLES,1
PENIS TOYS,1
DILDOS,1
STRAP-ONS,1
ANAL TOYS,1
MOVIES,1
MORE,1
Sex Info,1
ToysSex BooksStraight Fiction,1
Fifty Shades Darker: Book two of the Fifty Shades Trilogy,1
No ratings yet. Be the first!,1
Rate It,1
By E L James,1
"Expect more of the steamy eroticism and BDSM sex play that hooked readers on the first book of the wildly popular Fifty Shades series by E.L. James. In the second installment, the naïve Ana winds up back in the arms of...",1
$14.95,1
In Stock Now!,1
Review,1
"Expect more of the steamy eroticism and BDSM sex play that hooked readers on the first book of the wildly popular Fifty Shades series by E.L. James. In the second installment, the naïve Ana winds up back in the arms of wealthy older businessman Christian, and their bedroom antics continue to inflame women's fantasies and their sex lives: droves of women are coming into the stores looking for the toys inspired by the novels, so much so that we've put together a special kit called Fifty Shades of Grey Indulge Your Fantasies Kit for you to play with as you work your way through the trilogy.",1
Brand: Random House,1
Reviews & Ratings,1
Rate and Review It,1
Order Lookup,1
FAQ & Return Policy,1
Terms,1
SEX TOYS 101 + INFO,1
How-To,1
Sex Tips,1
Learn About Sex,1
Sex Glossary,1
COMMUNITY,1
About Babeland,1
Job Opportunities,1
Donations,1
STAY CONNECTED,1
Join Our List Get,1
$5 Off Your Next Order,1
"Content © 2019 Babeland, LLC. All Rights Reserved",1
In order to give you a better service we use cookies. By continuing to browse the site you are agreeing to our use of cookies. I Agree,1
A great little set that's absolutely perfect for the newbies to the pleasures of bondage,1
The New Intimacy,1
WOMEN MEN COUPLES SEX TOYS VIBRATORS DILDOS ANAL TOYS SALE INFO,1
FREE STANDARD SHIPPING ON ORDERS $50+.,1
24 Hour Dispatch.,1
SUPER SALE: SAVE UP TO 85% ON EVERYTHING,1
SEX TOY KITS,1
ALL SEX TOY KITS,1
Soft touch set,1
Complete BDSM set,1
Wishlisth,1
Add to comparison,1
$52.00$15.60,1
70% OFF,1
80 POINTS,1
What makes it awesome,1
"Includes a pair of 9"" by 2.5"" cuffs with velcro closures and convenient D-ring and swivel hook hardware for easy adjustment and secure restraint;",1
"Plushy blindfold measures 8"" by 3"" and features elastic strap;",1
"A soft flogger has 6.5"" faux leather handle and 13"" tails.",1
A closer look,1
"If you are looking for a way to start your kinky bedroom adventures than the Soft Touch Set is for you. Made of soft, sensual fleece and cotton, this kit provides lots of kinky options for beginners, experimenting with bondage and fetish without being too hardcore.",1
How It Feels,1
Made from comfortable soft cotton,1
Made from durable and seductive faux-leather,1
Made from lightweight and soft fleece,1
Texture: Smooth,1
Fluffy and soft fleece lining,1
Color: Black,1
How It Measures,1
Size: One size fits most,1
"Length: 3""",1
Weight: 1 lb,1
How It Works,1
"Kit includes: Cuffs, flogger and a blindfold",1
Closes with silky and easy-to-unfast ribbon tie,1
Closes with secure swivel clip,1
Closes with easy-to-unfast velcro,1
Ordering Details,1
Manufacturer: EdenFantasys,1
Catalog ID: ETSK001,1
This set works well for the couple out to have a 50 Shades type experience.,1
Starlight Requiem's review,1
"Great for beginners, good value for the money, well made",1
freud13's review,1
Sturdy design Comfortable fit for most sizes Soft and luxurious feel Beginner-friendly,1
sXeVegan90's review,1
Great for beginners Very lightweight Multiple types of play,1
Ms. Paprika's review,1
Amazing promotions,1
$52.00,1
Select Enhance it,1
Select Foreplay,1
"Select Penis extensions, lingerie and more",1
Kit Price:,1
You save:,1
Sale price is not valid in the kit,1
Select: Enhance it,1
(7 styles),1
Edenfantasys rechargeable C bunny,1
$64.99,1
Perfect companion rechargeable mini,1
$62.99,1
Sweet vibrating nipple clamps,1
$34.99,1
Eden rechargeable silicone tongue,1
Select: Foreplay,1
Grace,1
$89.99,1
Magic force,1
Rechargeable Hitachi style wand,1
$66.99,1
Eden rechargeable pocket wand with attachments,1
"Select: Penis extensions, lingerie and more",1
(10 styles),1
High society cupless bra and garter set,1
$29.99,1
Silicone extension with vibrating bunny,1
$24.99,1
Extender,1
Red stockings,1
$14.99,1
Hide kit,1
Other delightful options,1
Glass delight kit,1
$77.99 $38.99,1
Mistress bondage kit,1
$71.99 $28.80,1
Kegel trainer set,1
$59.99 $29.99,1
All All Sex Toy Kits,1
TOP,1
© 2019,1
"Web Merchants, Inc. All Rights Reserved",1
"640 Airport South Parkway, 400 Atlanta, GA 30349, USA",1
Phone: +1 (770) 604 - 1352 Customer Service 24/7,1
Fax: (609) 920-0332,1
Order status,1
Privacy,1
Mobile version,1
Wholesale Sex Toys,1
Eden services support,1
This site is intended for viewing and shopping by audience 18+,1
All models are 18 years of age or older.,1
2257 Compliance Notice,1
"Last update: October 29, 2019",1
My VOD Dashboard | Sign In,1
Try Unlimited,1
Free Shipping Over $25.     Millions of Satisfied Customers,1
All,1
DVD,1
On Demand,1
Blu-ray,1
Sex Toys,1
Used,1
Rental,1
Sales,1
New Releases,1
Categories,1
Unlimited,1
Live Cams,1
Video On Demand Bestsellers,1
What's Trending?,1
1080p HD,1
720p HD,1
DVD Recent Releases,1
The Rocco Jack Daddy Stroker - Clear,1
Swiss Navy Silicone Based Anal Relaxing Lubricant - 2oz.,1
Tenga Premium Vacuum Cup Original - Blue,1
"Rascal: Adam Killian 8"" Silicone Dildo With Silicone Handle and Suction Cup Base",1
Bathmate Hydromax3 - Crystal Clear,1
Maia: Jayden Rechargeable Vibrating Erection Enhancer - Rose Gold,1
GayEmpireLive Cams,1
FREE,1
120,1
CREDITS,1
Exclusive Offers! Special Discounts!,1
Sign up for our newsletter today!,1
I am 18 or over and consent to receive sexually explicit material.,1
Sign Up,1
Discreet Service,1
Discreet Packaging,1
Customer Testimonials,1
Webmasters $$,1
Gift Certificates,1
Purchase,1
Redeem,1
1-888-383-1880,1
Help Center,1
Guest Order Lookup,1
Account,1
Your Account,1
Track Your Order,1
Shipping Rates,1
Make A Suggestion,1
Other Empire Sites,1
Adult DVD Empire,1
Adult Empire,1
Adult Empire Unlimited,1
Adult Empire Cash,1
Used DVDs,1
"©1997-2019 Ravana, LLC.",1
Copyright Notice - Terms of Use - Privacy Policy,1
18 U.S.C. § 2257,1
SEE ALL,1
SEX INFO,1
Wish List,1
FREE DISCREET SHIPPING ON ORDERS $69+,1
Toys,1
Ooh Classic Vibrator Attachment by Je Joue,1
This silky smooth and elegantly contoured attachment is designed for both internal and external play.,1
$15.00,1
Mix & Match the Ooh Large Motor Vibrator with other Je Joue Ooh silicone attachments,1
This silky smooth and elegantly contoured attachment is designed for both internal and external play. Its bulbous head delivers additional sensations when inserted and is made of high-grade silicone. Simply snap it onto the Ooh Motor (sold separately) to enjoy three powerful speeds and 2 vibration patterns.,1
"This product is also available in the “Her Name is Rio” and “What Happens in Vegas” kits. Each offers the Classic Vibrator attachment, Ooh Large Motor, plus one additional attachment at a discounted price.",1
Red or Pink Silicone,1
6 ¼” x 1 1/3”,1
Must be paired with a Ooh Rechargeable Motor Vibrator (sold separately),1
Volume: 2,1
Intensity: 4,1
Product Video,1
Brand: Je Joue,1
Product Details,1
Material: Silicone,1
Color: Red,1
Warranty: 1 Year,1
Please Cream Lubricant,1
$1.00 - $20.00,1
Ooh What Happens In Vegas Pack by Je Joue,1
$70.00,1
Ooh Her Name Is Rio Pack by Je Joue,1
Ooh Ibiza Vibes Pleasure Pack by Je Joue,1
SEX EDUCATION,1
How-To Sex Ed Articles,1
Ask Dr. Carol Queen - Sex Advice,1
Sexual Health Outreach Workshops S.H.O.W.,1
Antique Vibrator Museum,1
GiVe Donation Program,1
Jobs,1
©-2019 Barnaby Ltd dba Good Vibrations,1
18 U.S.C. §2257 Recordkeeping Requirements Compliance Statement,1