Pattern String,classification,Pattern Type
Only 2 left,0.0,Low-stock Message
Only 3 left,0.0,Low-stock Message
9 people are viewing this.,0.0,Activity Notification
5338 people viewed this in the last hour,0.0,Activity Notification
"Crystal Li in Flushing, United States purchased a",0.0,Activity Notification
2 people are looking right now,0.0,Activity Notification
3 people bought this item last week.,0.0,Activity Notification
31 people seeing this product right now,0.0,Activity Notification
19 people have viewed this item,0.0,Activity Notification
2 people are looking at this listing now,0.0,Activity Notification
4 sold in last 5 hours,0.0,Activity Notification
72 Viewing This Product,0.0,Activity Notification
Favored By: 400 people!,0.0,Activity Notification
Real time 30 Visitor right now,0.0,Activity Notification
9 sold in last 4 hours,0.0,Activity Notification
61 people have already bought that product today with 50% discount,0.0,Activity Notification
"1,446 people have viewed this item",0.0,Activity Notification
218 people have added this item to cart,0.0,Activity Notification
11 people have purchased this item,0.0,Activity Notification
38 people are viewing this,0.0,Activity Notification
"Someone from Rochedale, Queensland, Australia started buying this!",0.0,Activity Notification
39 recently purchased it,0.0,Activity Notification
85 have it in their cart,0.0,Activity Notification
"Leah Rich in Louisville, United States purchased a",0.0,Activity Notification
"Someone in Madrid, Spain just bought",0.0,Activity Notification
33 sold in last 12 hours.,0.0,Activity Notification
78 Persons looking for this product,0.0,Activity Notification
"Tyler in Norwalk, United States purchased a",0.0,Activity Notification
"Someone in Ampang, Malaysia just bought",0.0,Activity Notification
"Sudha rana from Jaipur bought this product, 23 Mins ago.",0.0,Activity Notification
404 Orders,0.0,Activity Notification
Trending Style! Sold 4 times today,0.0,Activity Notification
"3,081 people have viewed this item",0.0,Activity Notification
166 people have added this item to cart,0.0,Activity Notification
111 people have purchased this item,0.0,Activity Notification
7 people have it in their cart,0.0,Activity Notification
1 person is viewing this,0.0,Activity Notification
273 units sold in the last 30 days,0.0,Activity Notification
33 people are eyeing this item!,0.0,Activity Notification
"Jamie in Nashville, United States purchased",0.0,Activity Notification
117 people have viewed this item in the last 7 days.,0.0,Activity Notification
3642 BOUGHT,0.0,Activity Notification
"Mounif in Pittsburgh, United States purchased",0.0,Activity Notification
2049 sold in the last 7 days,0.0,Activity Notification
1626 people seeing this product right now,0.0,Activity Notification
In other users' carts 59,0.0,Activity Notification
5 Viewing This Product,0.0,Activity Notification
"Long Dress Style Beach Cover Up With Lace Detail Jessica in Metairie, United States",0.0,Activity Notification
"Bobby in Decatur, United States just purchased",0.0,Activity Notification
"2,221 people have purchased this item",0.0,Activity Notification
"19,302 people have added this item to cart",0.0,Activity Notification
"25,439 people have viewed this item",0.0,Activity Notification
"BERNARD in Philadelphia, United States purchased a",0.0,Activity Notification
16 recently purchased it.,0.0,Activity Notification
3 people are looking at this product,0.0,Activity Notification
"Someone in Sasebo, Japan just bought",0.0,Activity Notification
17 people have added this item to cart,0.0,Activity Notification
4 people have purchased this item,0.0,Activity Notification
161 people have viewed this item,0.0,Activity Notification
Someone in Egypt bought,0.0,Activity Notification
"1,142 people have added to cart recently",0.0,Activity Notification
"6,743 people have viewed recently",0.0,Activity Notification
105 pawrents are buying for their furkids now!,0.0,Activity Notification
339 users are currently active on our website,0.0,Activity Notification
"William in Pago Pago, United States purchased a",0.0,Activity Notification
"Oscar from Cajamarca, Peru purchased",0.0,Activity Notification
"tuvia eisenberg Systematics in Tel Aviv, Israel purchased a",0.0,Activity Notification
"Jeremy in Warroad, United States purchased a",0.0,Activity Notification
1 person is looking at this item.,0.0,Activity Notification
Get it fast! 14 added to bag today,0.0,Activity Notification
30 people have purchased this item,0.0,Activity Notification
Purchased 6 times this week.,0.0,Activity Notification
8 customers have bought today,0.0,Activity Notification
80 Customers are considering this product right now.,0.0,Activity Notification
24 sold in last 24 hours.,0.0,Activity Notification
21 people looked at this during the last 24 hours,0.0,Activity Notification
"Someone in Byron Bay, NSW just bought",0.0,Activity Notification
Bought by 39 people in last few hours! HOT SELLER!,0.0,Activity Notification
23 People viewing this product,0.0,Activity Notification
1 other customers have this item in their shopping cart,0.0,Activity Notification
8 people are looking at this artwork,0.0,Activity Notification
104 people viewed this product recently!,0.0,Activity Notification
5 people are looking at this product right now,0.0,Activity Notification
19 people viewed this product per day,0.0,Activity Notification
6 other people looking at this item,0.0,Activity Notification
"Edwin in Woodland Park, NJ just bought",0.0,Activity Notification
65% of our customers added Surefit protection this year.,0.0,Activity Notification
3 PEOPLE VIEWING,0.0,Activity Notification
24 people currently interested,0.0,Activity Notification
3 people are looking at this item right now,0.0,Activity Notification
DON'T LET 'EM GET AWAY Several people have recently viewed this item.,0.0,Activity Notification
7 users have looked at this product in the past 6 minutes,0.0,Activity Notification
"IBKUL Solid Mock Neck Half Zip Pullover purchased from Clinton, MD, US 1 minute ago",0.0,Activity Notification
12 recently purchased it.,0.0,Activity Notification
2 people are viewing this,0.0,Activity Notification
Someone from Airdrie & 10820 others bought this item recently.,0.0,Activity Notification
THIS PRODUCT HAS BEEN VIEWED 480 TIMES IN THE LAST 48 HOURS,0.0,Activity Notification
89 currently viewing,0.0,Activity Notification
"Our most recent customers are from New Rochelle, Roseville, and Brooksville",0.0,Activity Notification
HOT PRODUCT Over 250 people are looking at this item.,0.0,Activity Notification
Other people want this. 10 people have this in their cart right now.,0.0,Activity Notification
88 PEOPLE VIEWED ITEM IN THE LAST 24 HOURS,0.0,Activity Notification
143 BOUGHT,0.0,Activity Notification
5338 people bought this,0.0,Activity Notification
31 have it in their cart,0.0,Activity Notification
69 people are viewing this,0.0,Activity Notification
"Rick in Columbia, United States purchased a",0.0,Activity Notification
James from Colonia purchased a,0.0,Activity Notification
146 people recently purchased this.,0.0,Activity Notification
9 people are currently viewing this product,0.0,Activity Notification
308 viewed per day,0.0,Activity Notification
7 sold in last 24 hours,0.0,Activity Notification
2 viewed per hour,0.0,Activity Notification
"Jeremy in Stockton, United States purchased a",0.0,Activity Notification
57 PEOPLE HAVE LOOKED AT THIS TODAY,0.0,Activity Notification
This is in 5 other carts.,0.0,Activity Notification
Purchased 8 times in the last few days.,0.0,Activity Notification
6 people have looked at this in the last few hrs.,0.0,Activity Notification
93 PEOPLE HAVE BOUGHT THIS PRODUCT TODAY,0.0,Activity Notification
7 sold in the last 48 hours,0.0,Activity Notification
210+ bought,0.0,Activity Notification
"Someone in Chambersburg, Pennsylvania purchased",0.0,Activity Notification
99 people are looking at this right now,0.0,Activity Notification
11 people viewed this today!,0.0,Activity Notification
Last purchase was 18 minutes ago by someone from Dublin,0.0,Activity Notification
Viewed 1040 times in the last 7 days,0.0,Activity Notification
Hurry up! 6 people other than you have this product in their cart,0.0,Activity Notification
Hurry up! 22 people other than you have this product in their cart,0.0,Activity Notification
8 people have viewed this product today!,0.0,Activity Notification
Don't miss out! We've sold 38 in the last few days.,0.0,Activity Notification
52 people are looking at this right now.,0.0,Activity Notification
#6 Bestseller in Rugs This item was viewed 92 times in the last day.,0.0,Activity Notification
Over 38 bought,0.0,Activity Notification
OH SO POPULAR! 21 bought in the last 7 days.,0.0,Activity Notification
156 sold in last 24 hours,0.0,Activity Notification
RECENTLY VIEWED 2 others viewed this in the last few hours,0.0,Activity Notification
40 users are currently active on our website just now.,0.0,Activity Notification
45 ADDED TO BAG IN THE PAST 24 HOURS,0.0,Activity Notification
7 people looked at this product in the last 24 hours.,0.0,Activity Notification
"Awhi from Hicks Bay, Gisborne, New Zealand just bought",0.0,Activity Notification
251 people are viewing this right now,0.0,Activity Notification
127 People viewed this product this week,0.0,Activity Notification
2 people have looked at this in the last couple of hrs.,0.0,Activity Notification
Someone in United States just purchased a,0.0,Activity Notification
Trending now! Added to basket 490 times today,0.0,Activity Notification
Trending now! Added to basket 38 times today,0.0,Activity Notification
IN 43 PEOPLE'S SHOPPING BAG,0.0,Activity Notification
MOST POPULAR,0.0,Activity Notification
660 people have viewed today,0.0,Activity Notification
113 people have viewed in the last 24hrs,0.0,Activity Notification
407 customers have viewed this item recently,0.0,Activity Notification
Fast Mover: 35 PEOPLE added this to cart today!,0.0,Activity Notification
22 people have looked at this part recently,0.0,Activity Notification
This product was viewed 26 seconds ago by someone from Princeton,0.0,Activity Notification
8 people have this in their bag right now.,0.0,Activity Notification
Purchased 100+ times in the last few days.,0.0,Activity Notification
1 people are viewing this currently,0.0,Activity Notification
92 customers bought this in the last 48 hours,0.0,Activity Notification
62 people have looked at this item in the last few hours.,0.0,Activity Notification
13 people have added this to their cart,0.0,Activity Notification
135 people have this in their cart,0.0,Activity Notification
Add to Wish List(13 People Have Added),0.0,Activity Notification
77 PEOPLE LIKE THIS,0.0,Activity Notification
43 added to bag in the last 48hrs,0.0,Activity Notification
Over 200 views in 24 hrs,0.0,Activity Notification
227 Bought Already,0.0,Activity Notification
POPULAR 62 others checked this out in the last few hours.,0.0,Activity Notification
POPULAR 64 others checked this out in the last few hours.,0.0,Activity Notification
Viewed 744 times today,0.0,Activity Notification
"2,229 people have viewed this item",0.0,Activity Notification
715 people have added this item to cart,0.0,Activity Notification
71 people have purchased this item,0.0,Activity Notification
12 customers viewed this product today!,0.0,Activity Notification
6 customers have this in their basket,0.0,Activity Notification
7 customers have this in their basket,0.0,Activity Notification
Selling fast! Add to bag 7 times in the last 48 hours.,0.0,Activity Notification
228 People Have Viewed This Product Recently!,0.0,Activity Notification
3 other people are currently viewing this item.,0.0,Activity Notification
"Michael in Pontiac, United States purchased a  ",0.0,Activity Notification
Other 2 customers have it in their cart.,0.0,Activity Notification
1044 sold in past 12 months,0.0,Activity Notification
2 customers recently bought it,0.0,Activity Notification
2 PEOPLE HAVE ADDED THIS ITEM TO THEIR CART TODAY,0.0,Activity Notification
One customer bought this article in the last 53 min.,0.0,Activity Notification
2+ people just viewed this product,0.0,Activity Notification
Over 238 people have bought this product,0.0,Activity Notification
994 items sold this hour.,0.0,Activity Notification
Sara from Philadelphia just saved $68 on her order.,0.0,Activity Notification
52 people have added this product to bag in the last 72 hours,0.0,Activity Notification
4 bought in the last 24 hours.,0.0,Activity Notification
Someone in Spain purchased,0.0,Activity Notification
137 users are currently active on our website,0.0,Activity Notification
4 people are looking at this right now.,0.0,Activity Notification
Last purchased at 11:19am today.,0.0,Activity Notification
41 people have looked at this in the last couple of hours,0.0,Activity Notification
6 others have already bought this deal today!,0.0,Activity Notification
232 people are viewing this offer!,0.0,Activity Notification
436 users are currently active on our website Just now,0.0,Activity Notification
39 people have this in their cart,0.0,Activity Notification
"50% OFF Everything (yep, even sale) + $5.99 Shipping* ENDS IN 12h 13m 56s",0.0,Countdown Timer
Your order is reserved for 09:45 minutes!,0.0,Countdown Timer
11 11 Hours: 00 22 Minutes: 3223 3223 Seconds Sale Ends Once The Timer Hits Zero!,0.0,Countdown Timer
Your order is reserved for 08:48 minutes!,0.0,Countdown Timer
HURRY! EXCLUSIVE DEAL FOR YOU! 1 4 : 4 5,0.0,Countdown Timer
00DAYS02HRS14MINS1211SEC,0.0,Countdown Timer
"Due To HIGH Demand, Cart Expires In: 08:41",0.0,Countdown Timer
Hurry up! Prices increase in 0 DAYS 11 HRS 59 MINS 55 SECS,0.0,Countdown Timer
Cart will expire in 04:53 minutes!,0.0,Countdown Timer
Your order is reserved for 09:35 minutes!,0.0,Countdown Timer
00DAYS00HOURS14MINUTES21SECONDS,0.0,Countdown Timer
Today's sale ends in: 00hours:57min:19sec,0.0,Countdown Timer
Hurry up! Sale Ends in,0.0,Countdown Timer
Your cart is reserved for 09:35 minutes.,0.0,Countdown Timer
0 Days 2 Hours 57 Minutes 53 Seconds,0.0,Countdown Timer
Your order is reserved for 09:54 minutes!,0.0,Countdown Timer
Your cart is reserved for 14:57 minutes!,0.0,Countdown Timer
Your order is reserved for 09:57 minutes!,0.0,Countdown Timer
00 Days 02 Hrs 26 Mins 12 Sec Sale Ends Once The Timer Hits Zero!,0.0,Countdown Timer
Activate within 0:30:00,0.0,Countdown Timer
00DAYS07HOURS09MINUTES39SECONDS,0.0,Countdown Timer
FREE NECKLACE FOR MOM 01Days 01Hrs 35Mins 02Secs,0.0,Countdown Timer
Hurry up! Discount Ends in DAYS HRS MINS SECS,0.0,Countdown Timer
EXTRA -30% OFF WITH CODE: EXTRA30 Ends in: 0 0 0 0 days 0 0 4 4 hours . 0 0 9 9 min . 2 2 8 8 sec,0.0,Countdown Timer
Your order is reserved for 09:56 minutes!,0.0,Countdown Timer
Cart will expire in 08:19 minutes!,0.0,Countdown Timer
SAVE $200 OFF PUFFY,0.0,Countdown Timer
11 11 Hours: 00 22 Minutes: 3223 3223 Seconds,0.0,Countdown Timer
00DAYS00HOURS47MINUTES36SECONDS SALE ENDS ONCE COUNTER HITS ZERO,0.0,Countdown Timer
01 Hours 37 Minutes 48 Seconds 1/10s,0.0,Countdown Timer
13:09:27 HOURS MINUTES SECONDS Sale Ends Once The Timer Hits Zero!,0.0,Countdown Timer
00Days17Hours12Mins13Secs,0.0,Countdown Timer
Your order is reserved for 29:52 minutes!,0.0,Countdown Timer
Hurry! This special sale ends in 2h 42m 0s,0.0,Countdown Timer
Enter your email VIEW MY CODE OFFER EXPIRES IN: 0 minutes 00 seconds EXTRA 10% OFF,0.0,Countdown Timer
YOUR CART IS ELIGIBLE FOR AN ADDITIONAL 10% OFF Including Current Promotions + Sale & Clearance 00 hours :29 minutes :26 seconds CHECK OUT NOW,0.0,Countdown Timer
"Save 25% on your entire order 09 Hours 57 Minutes 34Seconds use code: SPRING25""",0.0,Countdown Timer
Your order is reserved for 08:53 minutes!,0.0,Countdown Timer
Sale ending in 0 days 04 hours 12 minutes 10 seconds,0.0,Countdown Timer
Your order is reserved for 19:57 minutes.,0.0,Countdown Timer
00 DAYS 00 HOURS 29 MINUTES 26 SECONDS,0.0,Countdown Timer
Discount pending $10 OFF 00:30:00,0.0,Countdown Timer
Your order will be reserved for 6:56 minutes.,0.0,Countdown Timer
02:06:40 left to buy,0.0,Countdown Timer
Special sale ends in,0.0,Countdown Timer
0011Days:0088Hours:4411Minutes:21125445Seconds,0.0,Countdown Timer
FLASH 19:15:22,0.0,Countdown Timer
02 DAYS :23 HOURS :00 MINS :54 SECS,0.0,Countdown Timer
Please Order Within: 0 0 : 0 2 : 4 1 : 10 65,0.0,Countdown Timer
Explosive Offers! 80% Off Everything 07:25:41,0.0,Countdown Timer
Hurry up! Sales Ends in DAYS HRS MINS SECS by Beeketing ,0.0,Countdown Timer
Your order is prioritized for 13:22 minutes!,0.0,Countdown Timer
LIMITED TIME LEFT! 00 : 46 : 11,0.0,Countdown Timer
00 HRS 57 MINS 56 SECS,0.0,Countdown Timer
2 DAYS 13:06:13,0.0,Countdown Timer
Sale Ends in 5 days 14 hours 42 mins 53 sec,0.0,Countdown Timer
"Hurry! Sale Ends In:

02:59:50",0.0,Countdown Timer
Spring Sale Extended,0.0,Countdown Timer
ENDS IN - Flash Offer - TWO PAIRS OF SHOES FOR $319 PROMO CODE AUTO-APPLIED AT CHECKOUT! 0 Days : 16 Hours : 09 Minutes : 57 Seconds,0.0,Countdown Timer
2day 13:49:51 Left,0.0,Countdown Timer
Days left until the offer ends: 00 Days 04:43:35,0.0,Countdown Timer
Your cart is reserved for 14:05 minutes!,0.0,Countdown Timer
"SALE ENDS IN 19 DAYS, 9 HOURS, 50 MINUTES, 54 SECONDS",0.0,Countdown Timer
Your one-time offer! Enjoy 10% off sitewide. Applied at checkout Offer ends in: 04 hrs 37 min 56 sec,0.0,Countdown Timer
Checkout within 04:10 so we don't run out of stock!,0.0,Countdown Timer
Deal expires in: 03 hrs 25 mins 22 sec,0.0,Countdown Timer
1day21:04:58,0.0,Countdown Timer
-90% discount if you order within 9:55:44,0.0,Countdown Timer
OFFER EXPIRES IN: YES NO Want 10% Off Your First Order? 7 minutes 35 seconds,0.0,Countdown Timer
Order in 13:16 to get $200 off your mattress,0.0,Countdown Timer
60% OFF ENDS IN DAYS HOURS MINUTES SECONDS,0.0,Countdown Timer
00:15:07:45,0.0,Countdown Timer
BE QUICK 00:57:33 DON'T MISS OUT,0.0,Countdown Timer
VIP OFFERS END 00:54:59,0.0,Countdown Timer
Offer ends in 15hrs 1min 56sec!,0.0,Countdown Timer
3Days01:49:51 Left,0.0,Countdown Timer
Your order is reserved for 09:58 minutes!,0.0,Countdown Timer
activate within 10:00,0.0,Countdown Timer
Your Cart Will Expire In 09:58 minutes!Please note that these items may not be available again if you release them.,0.0,Countdown Timer
0:44:56,0.0,Countdown Timer
Hurry Up ! Time is running out,0.0,Countdown Timer
Hurry! Sale ends in:,0.0,Countdown Timer
4 days 05:46:20,0.0,Countdown Timer
Complete your purchase within the next 12:18 minutes and receive 10% off,0.0,Countdown Timer
HAUTELOOK 04:53,0.0,Countdown Timer
Offer ends 0Hours:04Minutes:46Seconds,0.0,Countdown Timer
25% OFF* ENDS IN 00 : 12 : 27 : 15 DAYS HRS. MIN. SEC.,0.0,Countdown Timer
3DAYS124606,0.0,Countdown Timer
Items will be reserved in your cart for 19:10,0.0,Countdown Timer
OFFER ENDS IN: 00:32:04 TIME IS RUNNING OUT!,0.0,Countdown Timer
Offer ends in,0.0,Countdown Timer
You left 2 items in your bag Released in: 29 minutes :07 seconds,0.0,Countdown Timer
Wait! YOUR CART QUALIFIES FOR 15% OFF YOUR ENTIRE ORDER. Offer Expires in: 2955,0.0,Countdown Timer
Deal Ends In 2 : DAYS13 : HRS10 : MIN24 SEC,0.0,Countdown Timer
Flash Sale ends in SHOP NOW  ,0.0,Countdown Timer
DEAL ENDS IN 40:55:13,0.0,Countdown Timer
Offer ends in 9hrs 55min 29sec!,0.0,Countdown Timer
HURRY! DON'T MISS THIS DEAL! DAYS 0 1 HRS 1 2 MINS 3 1 SECONDS,0.0,Countdown Timer
Your order is reserved for 07:28 minutes!,0.0,Countdown Timer
Order in 14:53 to get 2 pillows for free,0.0,Countdown Timer
HURRY! ENDS IN: 10 HRS 40 MIN 00 SEC,0.0,Countdown Timer
Flash Sale - Almost Over! 00 HOURS : 55 1001 MINUTES : 0550 8778 SECONDS,0.0,Countdown Timer
LAST CHANCE - UP TO 70% OFF - ENDS IN: 20 HRS 28 MINS 30 SECS,0.0,Countdown Timer
1DAYS 04 HOURS 17 MINUTES 18 SECONDS,0.0,Countdown Timer
HURRY! YOUR 10% OFF EXPIRES IN 29:43,0.0,Countdown Timer
Offer ends in 03 days 19 hours : 54 mins : 22 secs,0.0,Countdown Timer
35% OFF EVERYTHING* EXCL SALE & BEAUTY ENTER: DOLL35 - HURRY! ENDS IN  16H 59M 06S,0.0,Countdown Timer
"HURRY, ORDER WITHIN 16h 59m 06s TO GET 35% OFF EVERYTHING* EXCL SALE & BEAUTY ENTER: DOLL35",0.0,Countdown Timer
LAST CHANCE TO SAVE... enter your email to Save 20% on your first order 00 hours :29 minutes :43 seconds,0.0,Countdown Timer
DAYS HRS MINS SECS,0.0,Countdown Timer
OFFER ENDS 00:54:59,0.0,Countdown Timer
HURRY! ENDS IN: 11 HRS 20 MIN 13 SEC,0.0,Countdown Timer
Your order has been reserved for,0.0,Countdown Timer
"Ends in 1 Days, 4 Minutes, 44 Seconds",0.0,Countdown Timer
HURRY UP > 09H 42M 39S,0.0,Countdown Timer
Your order is reserved for 09:43 minutes!,0.0,Countdown Timer
Items reserved for 15:00,0.0,Countdown Timer
Massive Tax Time Sale See Discounts! Sale ends in,0.0,Countdown Timer
1 day 08:15:25,0.0,Countdown Timer
SAVE 10% On All Orders. No Voucher Code Needed Expires in 18:07:59.,0.0,Countdown Timer
"UP TO 60% OFF SPRING SALE PLUS 10% OFF ALL SHOWERS ENTER CODE SHOWERS10 AT CHECKOUT, MUST END TUESDAY 02DAYS  :  04HOURS  :  13MINS  :  28SECS",0.0,Countdown Timer
"Hurry, Limited Time Offer! 11:25",0.0,Countdown Timer
Time remaining: 04:50,0.0,Countdown Timer
Price Guaranteed For DAYS/HRS/MINS/SECS,0.0,Countdown Timer
"Hurry, Sale ends in 9 Hours!",0.0,Countdown Timer
Selling fast!,0.0,High-demand Message
"An item you ordered is in high demand. No worries, we have reserved your order.",0.0,High-demand Message
Will sell out fast!,0.0,High-demand Message
Strong demand! Complete your order before it's too late!,0.0,High-demand Message
Items in your cart are in VERY high-demand.,0.0,High-demand Message
Items in your cart are in high demand.,0.0,High-demand Message
Extremely high demand: expect 2-4 weeks for it to arrive (to be safe). Limit 4 per person!,0.0,High-demand Message
High demand,0.0,High-demand Message
HIGH DEMAND,0.0,High-demand Message
"An item you ordered is in high demand. No worries, we have prioritized your order.",0.0,High-demand Message
This item is in high demand.,0.0,High-demand Message
"Sorry, this is out of stock. You just missed it.",0.0,High-demand Message
Items in your cart are selling fast,0.0,High-demand Message
Items in your cart are in high demand. But we have reserved your order.,0.0,High-demand Message
"ONCE IT'S GONE, IT'S GONE",0.0,High-demand Message
SELLING FAST! GET 10% OFF THIS ITEM. ACTIVATE NOW.,0.0,High-demand Message
"Items in your cart are in high demand, but we have reserved your order.",0.0,High-demand Message
"Our items sell fast, don't miss out!",0.0,High-demand Message
AN ITEM IN YOUR CART IS SELLING OUT QUICKLY,0.0,High-demand Message
IN HIGH DEMAND!,0.0,High-demand Message
"Hurry, this style is selling fast!",0.0,High-demand Message
In demand,0.0,High-demand Message
Selling Fast,0.0,High-demand Message
LIMITED OFFER: $125 Off + 2 Free Pillows,0.0,Limited-time Message
Sale ends soon,0.0,Limited-time Message
* Limited Time Offer *\nFREE\nTLPWR1 Test Leads!,0.0,Limited-time Message
"Here for a limited time. 4.5"" Red Bottle Sticker w/ Adam's Logo",0.0,Limited-time Message
LIMITED TIME BLOW OUT SALE UP TO 70% OFF! 110% BEST PRICE GUARANTEE!,0.0,Limited-time Message
FREE SHIPPING FOR A LIMITED TIME | PRICES ARE IN USD AND INCLUDE ALL IMPORT DUTIES.,0.0,Limited-time Message
"Flash Sale Alert! You can now buy Utorch Corridor Porch Aisle Lights from Gearbest.com for only $7.99 (47% off). Hurry up, limited time offer!",0.0,Limited-time Message
Limited Time Offer,0.0,Limited-time Message
Limited time offer,0.0,Limited-time Message
"LIMITED TIME - BUY THE NEW PURPLE PLUSH PILLOW, GET ONE FREE",0.0,Limited-time Message
"Now 30% off - hurry, limited time offer!",0.0,Limited-time Message
LIMITED TIME DEAL!,0.0,Limited-time Message
Wait! Take 10% off Your First Order Deal Expires Soon!,0.0,Limited-time Message
LIMITED TIME SALE,0.0,Limited-time Message
ONLY AVAILABLE FOR A LIMITED TIME,0.0,Limited-time Message
50% OFF for Limited Time Only!!!,0.0,Limited-time Message
"Only available for a LIMITED TIME, so get yours TODAY!",0.0,Limited-time Message
LIMITED TIME OFFER! FREE SHIPPING OVER $99 + FREE RETURNS*,0.0,Limited-time Message
Ends Sunday! $200 off any mattress . free shipping & free returns!,0.0,Limited-time Message
Act now and save $12.99. Limited time only!,0.0,Limited-time Message
"For a limited time, buy 2 Hydroxycut Hardcore Elite, 30 Servings for $30!",0.0,Limited-time Message
(LIMITED TIME OFFER) TORSION GUN HOLSTER SUPER COMBO,0.0,Limited-time Message
ON SALE AT $1.99 FOR A LIMITED TIME,0.0,Limited-time Message
LIMITED TIME: FREE SHIPPING LOWERED TO ORDERS OVER $69.95!,0.0,Limited-time Message
"LIMITED TIME OFFER 10% OFF - ENTER CODE \""CASES\"" AT CHECKOUT",0.0,Limited-time Message
Sale ends soon:,0.0,Limited-time Message
FOR A LIMITED TIME ONLY,0.0,Limited-time Message
Limited Time Promo $194.00,0.0,Limited-time Message
Limited Time Offer!,0.0,Limited-time Message
LIMITED TIME ONLY: FREE SHIPPING TO SELECT COUNTRIES ON ORDERS OVER $100!,0.0,Limited-time Message
Limited Time,0.0,Limited-time Message
$69.50 For A Limited Time Details,0.0,Limited-time Message
FLASH SALE | LIMITED TIME ONLY Shop Now,0.0,Limited-time Message
Limited Time Sale - Buy Now!,0.0,Limited-time Message
LIMITED TIME: $10 OFF! DISCOUNT REFLECTED IN PRICE!,0.0,Limited-time Message
SLEEP EVENT OFFERS - LIMITED TIME ONLY,0.0,Limited-time Message
Limited Time: $10 Off! Discount Reflected In Price!,0.0,Limited-time Message
Full HD 144Hz IPS Anti-Glare (1920 x 1080) FREE Upgrade (Limited time offer!),0.0,Limited-time Message
On Sale! Limited Time Offer!,0.0,Limited-time Message
FREE SHIPPING // FOR A LIMITED TIME ONLY,0.0,Limited-time Message
Limited Time Offers,0.0,Limited-time Message
Limited time remaining!,0.0,Limited-time Message
Limited Time Remaining!,0.0,Limited-time Message
Limited time - final price reflects extra 29% off,0.0,Limited-time Message
LIMITED TIME! - Save $5 OFF Orders $70+ Coupon: SAVE5 - PLUS - Free Gift on Orders $125+,0.0,Limited-time Message
LIMITED TIME ONLY!,0.0,Limited-time Message
LIMITED TIME ONLY,0.0,Limited-time Message
Free Shipping On Orders Over $49* - Limited Time Only,0.0,Limited-time Message
"$3,159.20 $3,949.00 Limited time only",0.0,Limited-time Message
Limited Time Only - Up to 30% OFF Freshwater Plants! SHOP NOW >,0.0,Limited-time Message
Limited Time Offer: 10% Off your first order!,0.0,Limited-time Message
FRAMON #2 Code Machine Offer - Limited time offer!,0.0,Limited-time Message
STOCK IS GUARANTEED FOR 60 MINUTES,0.0,Limited-time Message
"Hurry, before it is gone! Limited time remaining!",0.0,Limited-time Message
ON SALE: Select Seasonal T-Shirts only $19.99! Limited time only! Save Now!,0.0,Limited-time Message
LIMITED TIME OFFER!,0.0,Limited-time Message
LIMITED TIME ONLY *on select models,0.0,Limited-time Message
Limited Time Offer Limited Offer! 15% off on Naomi Home with Coupon 9N03. You pay $63.74,0.0,Limited-time Message
Limited Time!,0.0,Limited-time Message
Free Shipping. Limited Time Only. for orders over $50,0.0,Limited-time Message
Limited time - Free Shipping on all orders*,0.0,Limited-time Message
25% OFF SELECTED JACKETS Limited Time,0.0,Limited-time Message
40% OFF EVERYTHING* ENTER: 40PLT + FREE SHIPPING OVER $80 HURRY! LIMITED TIME ONLY,0.0,Limited-time Message
SAVE $300.00\nfor limited time,0.0,Limited-time Message
"Now 20% off, hurry limited time offer!",0.0,Limited-time Message
Site Wide Savings for the Entire Family! Pricing is off Rogan's Shoes every day Low Prices! Prices are already reflected on the site. Limited time only! Restrictions apply. Online Only.,0.0,Limited-time Message
LIMITED TIME OFFER MEN'S CHINOS & 5-POCKET PANTS BUY 2 FOR $59.90 EACH SHOP NOW,0.0,Limited-time Message
Limited time offer.,0.0,Limited-time Message
Hot Offer. Limited Time,0.0,Limited-time Message
LIMITED TIME OFFER,0.0,Limited-time Message
LAYAWAY SALE WE WILL MATCH YOUR INITIAL PAYMENT. LIMITED TIME ONLY,0.0,Limited-time Message
"Limited time only: FREE SHIPPING on all orders, no minimum required!",0.0,Limited-time Message
20% OFF VALENTINE\u2019S DAY FAVOURITES * | LIMITED TIME ONLY,0.0,Limited-time Message
LIMITED TIME ONLY 10 OFF 50 SPEND NEW CUSTOMERS ONLY - TERMS & CONDITIONS APPLY,0.0,Limited-time Message
Limited Time Only! 20% Off,0.0,Limited-time Message
"Free Upgrade, Limited Time!\n*DISH Install Not Available*",0.0,Limited-time Message
"Rs 4,013 (Retail Discount) + Rs 2,997 (Limited Time Coupon)",0.0,Limited-time Message
SAVE TODAY: Save 20% on lighting by Le Klint. Limited time only.,0.0,Limited-time Message
Only 2 units left in stock,0.0,Low-stock Message
Only 1 left in stock,0.0,Low-stock Message
Limited Stock,0.0,Low-stock Message
ONLY 4 LEFT IN STOCK,0.0,Low-stock Message
Only 1 left,0.0,Low-stock Message
4 items left,0.0,Low-stock Message
Only 2 left in stock,0.0,Low-stock Message
Low In Stock Today,0.0,Low-stock Message
ONLY 3 LEFT IN STOCK.,0.0,Low-stock Message
Only 9 items left!,0.0,Low-stock Message
Only 4 left in stock,0.0,Low-stock Message
"894 Claimed! Hurry, only a few left!",0.0,Low-stock Message
Only 1 unit left in stock,0.0,Low-stock Message
ONLY 1 LEFT! GET IT NOW!,0.0,Low-stock Message
We have 1 left in stock,0.0,Low-stock Message
Only 1 left!,0.0,Low-stock Message
Only 15 left in stock,0.0,Low-stock Message
Only 8 left in stock,0.0,Low-stock Message
Only 3 left in stock,0.0,Low-stock Message
Only 14 left in stock,0.0,Low-stock Message
Only 1 items left,0.0,Low-stock Message
89% offers claimed. Hurry up!,0.0,Low-stock Message
ONLY 4 LEFT!,0.0,Low-stock Message
HURRY! ONLY 19 LEFT IN STOCK.,0.0,Low-stock Message
"Order now, only 2 left in stock!",0.0,Low-stock Message
70% offers claimed. Hurry up!,0.0,Low-stock Message
Low in stock: only 1 left.,0.0,Low-stock Message
96 ITEM(S) LEFT IN STOCK!,0.0,Low-stock Message
2 left in stock,0.0,Low-stock Message
"Hurry, only 3 left!",0.0,Low-stock Message
Only 1 left in stock!,0.0,Low-stock Message
Less than 10 left in stock,0.0,Low-stock Message
Availability: Low in stock today,0.0,Low-stock Message
Limited Quantity,0.0,Low-stock Message
Limited stock!,0.0,Low-stock Message
HURRY! Only a few left in stock!,0.0,Low-stock Message
80% offers claimed. Hurry up!,0.0,Low-stock Message
Only 11 left!,0.0,Low-stock Message
Only 14 left!,0.0,Low-stock Message
Pre-order 3 left,0.0,Low-stock Message
Only 6 left,0.0,Low-stock Message
Only 32 left in stock,0.0,Low-stock Message
Only few items left in stock,0.0,Low-stock Message
ONLY 1 LEFT IN STOCK!,0.0,Low-stock Message
Only 2 units left!,0.0,Low-stock Message
ONLY 7 LEFT!,0.0,Low-stock Message
Only 1 Left in this Size!,0.0,Low-stock Message
There is only one product left!,0.0,Low-stock Message
Limited Stock!,0.0,Low-stock Message
Only 69 left!,0.0,Low-stock Message
HURRY! ONLY 2 LEFT IN STOCK!,0.0,Low-stock Message
83% offers claimed. Hurry up!,0.0,Low-stock Message
Only 1 left In Stock,0.0,Low-stock Message
Only 8 left,0.0,Low-stock Message
Only 4 left at this price,0.0,Low-stock Message
90% offers claimed. Hurry up!,0.0,Low-stock Message
Only 1 Left in Stock!,0.0,Low-stock Message
Only 4 copies left,0.0,Low-stock Message
Status:Only 3 left in stock,0.0,Low-stock Message
87% offers claimed. Hurry up!,0.0,Low-stock Message
9 items left,0.0,Low-stock Message
6 items left! Order soon.,0.0,Low-stock Message
HURRY ONLY 9 LEFT IN STOCK!,0.0,Low-stock Message
Only 1 left in stock - Order soon,0.0,Low-stock Message
*Only 2 left in stock. Don't miss out!,0.0,Low-stock Message
Only 3 left!,0.0,Low-stock Message
Only one item left in stock!,0.0,Low-stock Message
Only 1 item left,0.0,Low-stock Message
Only 8 items left in stock!,0.0,Low-stock Message
Only 82 left in stock!,0.0,Low-stock Message
Only 1 left in stock! Get in quick!,0.0,Low-stock Message
LESS THAN 5 LEFT!,0.0,Low-stock Message
1 LEFT,0.0,Low-stock Message
3 items left,0.0,Low-stock Message
Only 1 Left,0.0,Low-stock Message
Only 9 Left!,0.0,Low-stock Message
Only 14 left,0.0,Low-stock Message
1 left at this price,0.0,Low-stock Message
23% left in stock!,0.0,Low-stock Message
Only 5 left in stock,0.0,Low-stock Message
Only 2 left!,0.0,Low-stock Message
Only 1 Left!,0.0,Low-stock Message
Only 34 Left!,0.0,Low-stock Message
LOW IN STOCK!! GET YOURS NOW,0.0,Low-stock Message
74% offers claimed. Hurry up!,0.0,Low-stock Message
1 LEFT IN THIS SIZE,0.0,Low-stock Message
ONLY 3 LEFT! GET IT NOW!,0.0,Low-stock Message
1 item left,0.0,Low-stock Message
Please note all products are made in limited quantities and we rarely restock - checkout now so you don't miss out!,0.0,Low-stock Message
"Hurry, only 1 left!",0.0,Low-stock Message
Hurry! Only 2 left,0.0,Low-stock Message
"HURRY, THERE ARE ONLY 9 ITEM(S) LEFT!",0.0,Low-stock Message
Hurry! Only 1 left in stock,0.0,Low-stock Message
Only 1 left in online stock,0.0,Low-stock Message
Only 1 left in stock.,0.0,Low-stock Message
"Size low on stock, only 1 item left",0.0,Low-stock Message
Only 8 left!,0.0,Low-stock Message
Hurry! Only 2 left at this price!,0.0,Low-stock Message
ONLY 52 items left in stock!,0.0,Low-stock Message
Over 500 left in stock,0.0,Low-stock Message
Hurry only 8 items left!,0.0,Low-stock Message
72% offers claimed. Hurry up!,0.0,Low-stock Message
Only 1 Left !,0.0,Low-stock Message
Only 1 items left in stock!,0.0,Low-stock Message
Only 2 Left,0.0,Low-stock Message
LIVE REMAINING STOCK,0.0,Low-stock Message
HURRY! LESS THAN 129 LEFT.,0.0,Low-stock Message
"Hurry, only a few left!",0.0,Low-stock Message
Only 9 left in stock,0.0,Low-stock Message
Only 1 left.,0.0,Low-stock Message
Only 7 in Stock!,0.0,Low-stock Message
"Don't miss out, only 2 left in stock",0.0,Low-stock Message
only 2 left in stock,0.0,Low-stock Message
Limited Quantity Available,0.0,Low-stock Message
Hurry! Only 3 Left In Stock.,0.0,Low-stock Message
Hurry up! Only 11 items left,0.0,Low-stock Message
Only 3 Left!,0.0,Low-stock Message
ONLY 1 LEFT,0.0,Low-stock Message
Only 2 stock available,0.0,Low-stock Message
ONLY 2 LEFT IN STOCK!,0.0,Low-stock Message
5 items left,0.0,Low-stock Message
"Hurry, only 2 left in stock!",0.0,Low-stock Message
Hurry! Only a few of these left,0.0,Low-stock Message
Hurry Up! Only 1 Piece Left,0.0,Low-stock Message
Hurry only 1 left!,0.0,Low-stock Message
Only 1 Item(s) left,0.0,Low-stock Message
1 left in stock,0.0,Low-stock Message
Only 33 left,0.0,Low-stock Message
ONLY 5 LEFT IN STOCK,0.0,Low-stock Message
ONLY 1 LEFT IN THIS SIZE,0.0,Low-stock Message
ONLY 5 LEFT,0.0,Low-stock Message
Only 3 Left in Stock!,0.0,Low-stock Message
(Only 5 Left),0.0,Low-stock Message
Only 3 left in stock!,0.0,Low-stock Message
Last 1 in stock,0.0,Low-stock Message
Only 16531 items left in stock!,0.0,Low-stock Message
only 5 left,0.0,Low-stock Message
ONLY 8 LEFT,0.0,Low-stock Message
Only 498 left,0.0,Low-stock Message
only 1 in stock,0.0,Low-stock Message
WARNING! Only 5 left in stock!,0.0,Low-stock Message
Only 7 left,0.0,Low-stock Message
Only 3 left in stock.,0.0,Low-stock Message
Don't miss out on this item! There is only 1 left in stock.,0.0,Low-stock Message
Only 5 item(s) left.,0.0,Low-stock Message
Only 1 Item Left!,0.0,Low-stock Message
Only 1 item left!,0.0,Low-stock Message
Only 5 left,0.0,Low-stock Message
3 left in stock,0.0,Low-stock Message
ONLY 5 LEFT IN STOCK!,0.0,Low-stock Message
"Only 1 left , In Stock",0.0,Low-stock Message
"HURRY, ONLY 1 LEFT!",0.0,Low-stock Message
ONLY 3 LEFT,0.0,Low-stock Message
"1 left, order now!",0.0,Low-stock Message
18 In Stock,0.0,Low-stock Message
3 left,0.0,Low-stock Message
Only 3 left In Stock,0.0,Low-stock Message
JUST 1 LEFT!,0.0,Low-stock Message
LESS THAN 8 LEFT IN STOCK!,0.0,Low-stock Message
Only 4 left,0.0,Low-stock Message
"Hurry, Only 4 Left In Stock. Buy Now!",0.0,Low-stock Message
Availability: Low Stock,0.0,Low-stock Message
Availability: Only 1 Left,0.0,Low-stock Message
"Only 2 left, order soon",0.0,Low-stock Message
"Only 3 left, order soon",0.0,Low-stock Message
Only 2 items left,0.0,Low-stock Message
Only 7 left!,0.0,Low-stock Message
only 5 left in stock!,0.0,Low-stock Message
Warning: Last items in stock!,0.0,Low-stock Message
Fewer than 5 left!,0.0,Low-stock Message
Hurry! Only 15 left!,0.0,Low-stock Message
"Don't snooze, only 1 left",0.0,Low-stock Message
Hurry! Only 2 left!,0.0,Low-stock Message
Hurry! Only 7 left,0.0,Low-stock Message
Only 2 left.,0.0,Low-stock Message
Limited quantity available,0.0,Low-stock Message
Limited quantity remaining,0.0,Low-stock Message
Last one available,0.0,Low-stock Message
Only 1 products left,0.0,Low-stock Message
"In stock, only 1 products left",0.0,Low-stock Message
Limited quantity! ,0.0,Low-stock Message
HURRY! 3 left in stock!,0.0,Low-stock Message
(Only 1 left!),0.0,Low-stock Message
ONLY 3 LEFT IN STOCK!,0.0,Low-stock Message
Only 8 item(s) left,0.0,Low-stock Message
Stock Low : 6 items left.,0.0,Low-stock Message
Only 5 Left,0.0,Low-stock Message
"In Stock, Only 1 Left!",0.0,Low-stock Message
In stock | 44 left,0.0,Low-stock Message
Only 9 left!,0.0,Low-stock Message
Only 9 units left in stock online.,0.0,Low-stock Message
Hurry! Almost Sold Out...,0.0,Low-stock Message
Only 1 left in Stock,0.0,Low-stock Message
limited availability at this price!,0.0,Low-stock Message
only 7 pieces left,0.0,Low-stock Message
Only 4 left in this size!,0.0,Low-stock Message
"Hurry, Only a few left!",0.0,Low-stock Message
Hurry! Only 1 Pair left!,0.0,Low-stock Message
Hurry! Limited Quantity Available.,0.0,Low-stock Message
Less than 6 items left,0.0,Low-stock Message
Low Stock,0.0,Low-stock Message
ONLY 2 LEFT,0.0,Low-stock Message
Hurry! Only Limited Items Left,0.0,Low-stock Message
Last chance! Only 1 left,0.0,Low-stock Message
"Only 5 left , In Stock",0.0,Low-stock Message
Only 1 in stock,0.0,Low-stock Message
LAST 1 LEFT,0.0,Low-stock Message
167 piece(s) left for this promo,0.0,Low-stock Message
Only 8 item(s) left.,0.0,Low-stock Message
ONLY 4 LEFT,0.0,Low-stock Message
ONLY 1 LEFT IN STOCK,0.0,Low-stock Message
Only 9 left,0.0,Low-stock Message
Only a few left,0.0,Low-stock Message
In Stock (8) Left,0.0,Low-stock Message
8 items left,0.0,Low-stock Message
"LOW IN STOCK, only 2 left",0.0,Low-stock Message
1 left in stock. Hurry!,0.0,Low-stock Message
20 units left,0.0,Low-stock Message
only 2 left!,0.0,Low-stock Message
ONLY 1 REMAINING,0.0,Low-stock Message
(5 Left),0.0,Low-stock Message
ONLY 1 LEFT!,0.0,Low-stock Message
Hurry only 2 left,0.0,Low-stock Message
Only 8 Left!,0.0,Low-stock Message
Availability: Low Stock 4 Remaining,0.0,Low-stock Message
Low Stock! Only 3 left.,0.0,Low-stock Message
Hurry! Only 6 left in stock,0.0,Low-stock Message
Low Stock Alert: Only 8 left in inventory,0.0,Low-stock Message
LOW STOCK: Only 1 left.,0.0,Low-stock Message
Only A Few Left,0.0,Low-stock Message
ONLY A FEW LEFT IN STOCK,0.0,Low-stock Message
Only 2 Left In Stock,0.0,Low-stock Message
ONLY A FEW LEFT,0.0,Low-stock Message
Only 7 left in stock.,0.0,Low-stock Message
Only 4 items left in stock.,0.0,Low-stock Message
Only 5 Left in Stock. Buy Soon!,0.0,Low-stock Message
ONLY 12.5M LEFT IN STOCK!,0.0,Low-stock Message
Only 2 items left in stock.,0.0,Low-stock Message
2 LEFT,0.0,Low-stock Message
Only 3 left.,0.0,Low-stock Message
Only a few more left!,0.0,Low-stock Message
Only 6 items left,0.0,Low-stock Message
Hurry! Only 2 left in stock!,0.0,Low-stock Message
2 items left,0.0,Low-stock Message
Limited Availability,0.0,Low-stock Message
We only have 8.0000 left in Stock,0.0,Low-stock Message
Only 1 left in stock! Order soon!,0.0,Low-stock Message
Only 2 left in stock!,0.0,Low-stock Message
Only 7 left in stock!,0.0,Low-stock Message
QUICK! ONLY 1 LEFT IN STOCK,0.0,Low-stock Message
Going Fast: Limited Quantities Left!,0.0,Low-stock Message
In Stock - Limited Quantity,0.0,Low-stock Message
Only 25 Deals left,0.0,Low-stock Message
1 in stock,0.0,Low-stock Message
Currently less than 10 available,0.0,Low-stock Message
Only 1 piece left.,0.0,Low-stock Message
Hurry! Only 1 left!,0.0,Low-stock Message
Almost Sold Out! Only 2 Left.,0.0,Low-stock Message
"ONLY 5 LEFT, ORDER SOON!",0.0,Low-stock Message
Only 9 Left.,0.0,Low-stock Message
Hurry! Only 1 Left In Stock,0.0,Low-stock Message
Only 867 left,0.0,Low-stock Message
10 Left in stock,0.0,Low-stock Message
Hurry! 1 items left!,0.0,Low-stock Message
LOW STOCK (ONLY 10 LEFT!),0.0,Low-stock Message
10 Left,0.0,Low-stock Message
ONLY 1 ITEM LEFT!,0.0,Low-stock Message
Only 13 left!,0.0,Low-stock Message
only 5 left in stock,0.0,Low-stock Message
2 in stock,0.0,Low-stock Message
Only 11 Left In Stock,0.0,Low-stock Message
Only 3 pieces in stock!,0.0,Low-stock Message
Less than 10 left!,0.0,Low-stock Message
Less than 7 left!,0.0,Low-stock Message
3 LEFT,0.0,Low-stock Message
Only 2 copies left,0.0,Low-stock Message
Only 4 left!,0.0,Low-stock Message
Only 20 left,0.0,Low-stock Message
Only 5 left!,0.0,Low-stock Message
5 LEFT,0.0,Low-stock Message
5 left,0.0,Low-stock Message
"Hurry, limited quantities left!",0.0,Low-stock Message
ONLY 1 ITEM LEFT,0.0,Low-stock Message
"Hurry, only 302 left.",0.0,Low-stock Message
Low in stock: only 2 left.,0.0,Low-stock Message
ONLY 5 LEFT!,0.0,Low-stock Message
Hurry! Only 6 left in stock!,0.0,Low-stock Message
Only 2 left in stock. Make it yours.,0.0,Low-stock Message
Currently 8 left in stock.,0.0,Low-stock Message
Hurry! Only 2 Left,0.0,Low-stock Message
Only a few left of this product!,0.0,Low-stock Message
Only 16 Left in Stock!,0.0,Low-stock Message
HURRY! ONLY 2 LEFT!,0.0,Low-stock Message
Only 8 left in stock. Almost Gone!,0.0,Low-stock Message
"Hurry, only 1 left in stock!",0.0,Low-stock Message
Only 3 Left In Stock,0.0,Low-stock Message
Only one left in stock - order soon!,0.0,Low-stock Message
This size has only 1 left in stock,0.0,Low-stock Message
Only 2 Left in Stock,0.0,Low-stock Message
"HURRY, LOW IN STOCK!",0.0,Low-stock Message
HURRY ONLY 1 ITEM LEFT!,0.0,Low-stock Message
Only 1.75 yards left in stock!,0.0,Low-stock Message
Availability: Only 4 Left!,0.0,Low-stock Message
Low in stock,0.0,Low-stock Message
Only 5 pcs left!,0.0,Low-stock Message
Only 4 Left!,0.0,Low-stock Message
"ONLY 5 LEFT, HURRY!",0.0,Low-stock Message
QUANTITY: *ONLY 1 LEFT,0.0,Low-stock Message
Only 3 available,0.0,Low-stock Message
"Only 3 left , In Stock",0.0,Low-stock Message
(Only 1 Left),0.0,Low-stock Message
1 Left,0.0,Low-stock Message
only 2 left,0.0,Low-stock Message
4 SEATS LEFT,0.0,Low-stock Message
10 SEATS LEFT,0.0,Low-stock Message
Hurry! Only 2 left in stock,0.0,Low-stock Message
ONLY 9 LEFT,0.0,Low-stock Message
Only 3 Left,0.0,Low-stock Message
Only 26 Left,0.0,Low-stock Message
Only 3 Left! Get it before it`s gone!,0.0,Low-stock Message
ONLY 20 LEFT IN STOCK,0.0,Low-stock Message
94% offers claimed. Hurry up!,0.0,Low-stock Message
Only a few left!,0.0,Low-stock Message
"Hurry, only 2 left in stock",0.0,Low-stock Message
Clearance! Only 4 left in stock.,0.0,Low-stock Message
"Available, only 2 left",0.0,Low-stock Message
In Stock. Only 1 Left!,0.0,Low-stock Message
In Stock Only 5 left!,0.0,Low-stock Message
Limited-time Deal,0.0,Low-stock Message
2 left,0.0,Low-stock Message
Only 4 unit(s) available!,0.0,Low-stock Message
"Hurry, only 5 left",0.0,Low-stock Message
LIMITED QUANTITY,0.0,Low-stock Message
Last 1 left,0.0,Low-stock Message
Low Stock Only 2 left,0.0,Low-stock Message
7 left in stock,0.0,Low-stock Message
HURRY! ONLY 1 IN STOCK!,0.0,Low-stock Message
Availability: 5 items left,0.0,Low-stock Message
Hurry! Less than 10 left!,0.0,Low-stock Message
Only 10 left in stock,0.0,Low-stock Message
3 Left,0.0,Low-stock Message
Almost gone! Only 3 left In Stock,0.0,Low-stock Message
In Stock only 3 left,0.0,Low-stock Message
Sellout risk:,0.0,Low-stock Message
Only 22 left in stock!,0.0,Low-stock Message
Only: 9 in stock now,0.0,Low-stock Message
ONLY 1 WATCH LEFT,0.0,Low-stock Message
Only 1 item(s) left in stock,0.0,Low-stock Message
Only 1 left in Stock!,0.0,Low-stock Message
Only 65 Items Left.,0.0,Low-stock Message
Only 4 left In Stock,0.0,Low-stock Message
3 Left!,0.0,Low-stock Message
Limited stock Only 2 left,0.0,Low-stock Message
Only 2 Left!,0.0,Low-stock Message
There are only 1 item left in stock.,0.0,Low-stock Message
(ONLY 1 LEFT IN THIS SIZE!),0.0,Low-stock Message
(only 5 left),0.0,Low-stock Message
Only 1 item left in stock,0.0,Low-stock Message
"Order soon, only 1 left!",0.0,Low-stock Message
1 in Stock,0.0,Low-stock Message
Only 1 Left in Stock. Buy Soon!,0.0,Low-stock Message
Hurry Low Stock,0.0,Low-stock Message
Hurry! Only 1 left in size M!!,0.0,Low-stock Message
"Hurry, only 6 left in stock!",0.0,Low-stock Message
BOTTLES LEFT 3,0.0,Low-stock Message
We only have few stocks left for this product. Please don't miss the chance.,0.0,Low-stock Message
Limited stock available,0.0,Low-stock Message
ALMOST GONE - only 2 remaining!,0.0,Low-stock Message
5 in stock,0.0,Low-stock Message
We only have 5 left!,0.0,Low-stock Message
Availability: In Stock Hurry! Only 8 Left!,0.0,Low-stock Message
Only 3 items left,0.0,Low-stock Message
67% offers claimed. Hurry up!,0.0,Low-stock Message
Hurry !! Only 52 left in stock,0.0,Low-stock Message
320 items left,0.0,Low-stock Message
ONLY A FEW LEFT!,0.0,Low-stock Message
LAST CHANCE TO ACTIVATE 10% OFF,0.0,Low-stock Message
Hurry up! Only 4 left in stock,0.0,Low-stock Message
Hurry! Only 7 left in stock.,0.0,Low-stock Message
HURRY! ONLY 31 LEFT IN STOCK.,0.0,Low-stock Message
ONLY 14 LEFT AT THIS PRICE,0.0,Low-stock Message
"128 sold today! Hurry, only a few left!",0.0,Low-stock Message
Hurry! Only 6 left in stock.,0.0,Low-stock Message
Hurry! Only 9 left in stock.,0.0,Low-stock Message
"803 Claimed! Hurry, only a few left!",0.0,Low-stock Message
ONLY 11 LEFT,0.0,Low-stock Message
HURRY! ONLY 11 LEFT IN STOCK.,0.0,Low-stock Message
Hurry Up ! Just 2 Items Left in stock,0.0,Low-stock Message
Hurry! Only 4 left in stock.,0.0,Low-stock Message
ONLY 13 LEFT,0.0,Low-stock Message
HURRY! ONLY 14 LEFT IN STOCK.,0.0,Low-stock Message
HURRY! ONLY 58 LEFT IN STOCK!,0.0,Low-stock Message
Collin P. from Grandview Missouri just bought BURGUNDY TWO BUTTON SUIT ABOUT 5 SECONDS AGO,,Activity Notification
"Faith in Glendale, United States purchased a Choose Your Flavors 5 Bag Sample Pack (Whole Bean) about 1 hour ago",,Activity Notification
Sharmeen Atif From Karachi just bought Stylish Metal Glasses Frames For Kids-Assorted-NA7157,,Activity Notification
"Keith in Champaign, Illinois bought Mini USB Audio Cassette to MP3 Converterabout 56 minutes ago",,Activity Notification
Jamie from Eloy United States purchased a CBD Oil Vape Additives 4 Pack About 7 hours ago,,Activity Notification
"Someone in Kilwinning, United Kingdom just bought Cuban Link Chain Bracelet",,Activity Notification
"Chelsea in Burlington, Wisconsin bought Take Out The Boat Jumpsuit, Blackabout 13 minutes ago",,Activity Notification
ðŸ”¥ 2 people are looking right now,,Activity Notification
"Ken in Oakland, United States purchased a Dreamville Hoodie a month ago",,Activity Notification
Rebecca in Buffalo just bought Sateen Twill Swatchabout 1 hour ago,,Activity Notification
"Someone from Menlo Park, California just purchased Electric Skateboard Motor 6374 190KV.",,Activity Notification
"Mitchell H. Purchased a Dimplex IgniteXL 100"" Linear Built in Electric Fireplace",,Activity Notification
"Annie in Cheras, Malaysia just bought: An Abundance of Flowers - Van-Go Paint-By-Number Kit",,Activity Notification
"Kamal in Lathrop, United States purchased a Father Sons Super Slim Stretch Feather Print Long Sleeve - FS429 4 hours ago",,Activity Notification
"Another babe in Alexandria, United States just ordered Flat Tummy Tea",,Activity Notification
Someone purchased a FORWARD REVIVE WOMEN'S RED WHITE HUSTLE T-SHIRT 32 minutes ago,,Activity Notification
"Someone from Cape Town, Western Cape, South Africa just started buying Packable Travel Duffel Bag! 5 minutes ago",,Activity Notification
"Sayeeganesh in Chennai, India just bought Dhoni the Finisher T-Shirt an hour ago",,Activity Notification
Someone from Norway purchased a Super FG Grater - 12x Faster - 15% OFF,,Activity Notification
"Jim in Houston, USA purchased Pure Ratios: Hemp Oil CBD Patch (40mg CBD)",,Activity Notification
64 users bought this product Touch: The Set - Touch XL & TouchUp Makeup Mirror Bundle,,Activity Notification
"Someone in San diego, United States just bought Gemfield Watch 15 days ago",,Activity Notification
"Alyssa in San Antonio, United States purchased a iTunes Japan Gift Card 10000 JPY about 35 minutes ago",,Activity Notification
"Someone in Paris, France just purchased a Kanpeki Knife Set",,Activity Notification
"James in Cashion, Oklahoma just bought Glossy Black Brick Geode / Amber Gradient Fast Lanes",,Activity Notification
"Marc in Newton, United States purchasedKTM Stand Plate Large KTM...",,Activity Notification
"Monira in Doha, Qatar purchased a LilyVanityâ„¢ Velvet Box",,Activity Notification
Theresa from Botkins just bought Panoply 14918 A-line Lace Formal Dress,,Activity Notification
"Sabrina in Paraparaumu, New Zealand purchased a SCHO-KA-KOLA Schokakola energy Chocolate caffeine snack food MRE caffeinated ",,Activity Notification
Someone in city just added Radiance - Nebulizing DiffuserÂ® to their cart,,Activity Notification
"Rose in Portland, United States purchased Green Eco-Friendly iPhone XR Case about 54 minutes ago",,Activity Notification
"Matthew in Charleston, South Carolina just purchased The Puffy Lux Mattress",,Activity Notification
Hayden near Princeton just bought!!!: CBD VEGAN GUMMIES,,Activity Notification
"Jessica in Orange, United States purchased a Black 1920s Sequin Maxi Flapper Dress 12 minutes ago",,Activity Notification
Popular item! ðŸ”¥ 27 people recently purchased this.,,Activity Notification
Limited Edition Honeycomb Necklace (Bee Inspired) Someone purchased a Limited Edition Honeycomb Necklace (Bee Inspired),,Activity Notification
ðŸ”¥ 9 people are viewing this.,,Activity Notification
More than 752 users are adding shapewear to their cart. Is your size left?,,Activity Notification
"JOHN in Toowoomba City, Australia purchased a Resin Tank 7 hours ago",,Activity Notification
"Sierra in Cypress, California bought Beauty In All Dress, Dusty Blue about 46 minutes ago",,Activity Notification
"Tristan in Markham, Canada purchased a Dragon Baseball Jersey",,Activity Notification
Popular Item! ðŸ”¥ 16 people are viewing this and 18 recently purchased it.,,Activity Notification
"Debby in Harpers Ferry, United States just bought: Icing Pen Decorating Tool",,Activity Notification
"Someone in Tornado, United States just bought Fresh Melon Menthol 2 hours ago",,Activity Notification
"Someone in Arden Hills, United States purchased 120ml Young Napoleon | Best Strawberry Shortcake eJuice | Vaporham Lincoln eLiquid about 42 minutes ago",,Activity Notification
"Someone from Huntingtown, Maryland, United States purchased TopCoatÂ® F11Â® Polish & Sealer - Web Special Kits Just Now",,Activity Notification
"Ken in Three Bridges, United States purchased All Zebrawood + Olive Ash",,Activity Notification
"Someone in Alexandria, United States just bought TTDeye Queen Green Colored Contact Lenses",,Activity Notification
"Samuel in Minneapolis, United States purchased a Pod Juice Jewel Mint Cool â„ï¸Nicotine Salt e-Liquid 15/30ml 7 hours ago",,Activity Notification
Someone in Canberra purchased\nADV.2 (Austracantha) about 41 minutes ago,,Activity Notification
17 people have viewed this wine today,,Activity Notification
24 people have purchased this wine today,,Activity Notification
"Jonathan in Syracuse, United States just bought Electric Skateboard Battery Pack 36V 10S2P 4 hours ago",,Activity Notification
Someone in Faizabad just bought: Pretty Love Penis Sleeve 7 inch an hour 2 minutes ago,,Activity Notification
Someone in Keilor East bought a Piranta-Edge Skinning Knife - Blaze - Havalon Knives54 minutes ago,,Activity Notification
"Synne Kristine in Halden, bought Classic Bokksu Subscription (Billed Every 1 Month) (Ships every 1 Months) about 45 minutes ago",,Activity Notification
"Someone in Culgoa, Australia purchased Savelli Epic Mens Comfortable Leather Lace Up Boots Made In Brazil",,Activity Notification
"Someone in Saint Kilda, Victoria purchased Frank Queen Size Bed Base",,Activity Notification
Someone in Yanchep bought a 52mm Mechanical 'Performance' Boost Gauge - Blue/White 9 seconds ago,,Activity Notification
"JULIE in Oak Brook, United States purchased a Watercolor Brush Pens 24 Refillable Colors with Travel Case about 10 hours ago",,Activity Notification
"Denise in Saluda, Virginia bought Terani Couture - 1911E9095 Embroidered Asymmetric Neck Mermaid Gown",,Activity Notification
"Mher from San Angelo, TX Recently made a purchase with Crossrope",,Activity Notification
"Son in Suisun City, United States purchased Commander Lex",,Activity Notification
"Someone in DOVER, United States just bought Crew 15 mins ago",,Activity Notification
Someone in New Lynn bought a Kogan A1 Earphones with Inline Control for IOS/Android 1 hour ago.,,Activity Notification
"estiven in Deer Park, United States purchased PreWashâ„¢ 4 oz",,Activity Notification
"Michael M. from Lacey, WA just bought a Cal King",,Activity Notification
1 people bought Jotter To Do Refill in the last few hours,,Activity Notification
"Joe M from , Bought a Cartoon Caterpillar Rigged 3D Model Recently",,Activity Notification
Someone in Bacchus Marsh bought a Noosa Basics Deodorant Stick - Sensitive (60g) 27 seconds ago,,Activity Notification
"Stacey in Saint Marys, United States purchased Extra Long (10 Ft) Fiber Cloth Sync & Charge USB Android Cable - Assorted Colors about 30 minutes ago",,Activity Notification
"mark in richmond hill, United States purchased a Fugoo Tough 11 minutes ago",,Activity Notification
Chirag in Anoopshahr just got the JAYS - a-JAYS One+ about 17 minutes ago,,Activity Notification
Cheryl in Ontario bought 100% Organic Reishi Mushroom Powder 100g about 16 minutes ago,,Activity Notification
Someone in Louisville Kentucky United States Purchased Gold Presidential Bracelet With Watch Buckle 9 hours ago,,Activity Notification
"Someone in Flemington, United States purchased Anti-Aging Eyelid Tape (Contains 100 Strips) Just now",,Activity Notification
"Ida in Tangerang Selatan, Indonesia purchased Iseya VG10 G-Series 33 layer Damascus Japanese Chef's Santoku Knife , 180mm about 1 hour ago",,Activity Notification
Someone bought: HYPE BLUE LARGE SPLAT KIDS LEGGINGS,,Activity Notification
ðŸ”¥ðŸ‘ï¸ 1 person is viewing this.,,Activity Notification
"Someone in Cedarhurst, United States purchased a Sproet and Sprout Shell/Violet Stripe Bloomers",,Activity Notification
Someone in Castle Hill bought a Philips Essential LED Downlight Kit | 5W 4000K few hours ago.,,Activity Notification
"Someone in Joliet, Illinois purchased a Yocan Evolve Plus XL Vaporizer",,Activity Notification
"Jacob in Seymour, Wisconsin, United States purchased a Bass XL just now!",,Activity Notification
"Someone from Portland, United States (US) purchased MODALERT recently.",,Activity Notification
"Someone from South Gate, California just purchased the Admiral JR / Spektrum Servo Connector Plug Set (Male and Female - 2 Pairs)",,Activity Notification
Someone in Red Cliffs bought a RHK Yamaha YZ/YZF/WRF 99-16 Blue Pursuit Footpegs 3 minutes ago,,Activity Notification
"Laurie in Urraween, Queensland bought No Brainer USB Charging Anti-Theft Backpack",,Activity Notification
"Carol in St. Louis, Missouri bought Original USB Charging Anti-Theft Backpack",,Activity Notification
Someone in Pittsworth bought a Ultimate COLT Anal Training Kit 2 hours ago,,Activity Notification
"Carl F. from Fort Ann, NY bought a King",,Activity Notification
"GRACE from ORLANDO, United States bought Camouflage Jumpsuit 31 minutes ago          ",,Activity Notification
"Someone in Vancouver, Washington purchased a Orthofeet Men's Orthotic Insoles about 38 minutes",,Activity Notification
Leslie in USA just Purchased Special Design Exclusive Handmade Silver Ring,,Activity Notification
"Shopper from Saint John, NB viewed Lenovo ThinkCentre M710t 10M9000RUS Desktop Computer 3 minutes ago!",,Activity Notification
"IsraÃ«l in Metz, France purchased a More ADVANCED Chord Substitutions",,Activity Notification
"Someone in Cashmere bought a 
RCM Cosworth Timing Belt Kit 99-02MY EJ20/22/251 hour ago",,Activity Notification
"Nancy in Pennsylvania purchased 24"" Italian Sterling Silver Milano Twist Adjustable Chain",,Activity Notification
"Armin Dinovic bought 10M Runescape 3 Gold Order total: 3,70â‚¬ About 10 seconds ago",,Activity Notification
"Trey in Columbia, United States purchased Leather Cord Capsule",,Activity Notification
"Abbie in Calwell, Australia purchased Shark Bite Socks about 1 hour ago",,Activity Notification
Someone in Boling Iago Texas United States Purchased Seek Discomfort Sketch White iPhone Case 5 hours ago,,Activity Notification
"Sandeep in Hawthorne, California bought Sadie Ponte Pants - Black Just Now",,Activity Notification
jennifer just bought Rainbow Moonstone Healing Heartabout 6 hours ago,,Activity Notification
"Someone in Petaling Jaya, Malaysia just bought SNEAKERGUARD Midsole Paint Marker - BOOST White",,Activity Notification
"Oliver in Rotterdam, Netherlands purchased a England Away Soccer Shorts 2018 About 9 hours ago",,Activity Notification
"Trey in Sparta, United States purchased Stealth Angel Ultra Lightweight & Portable Sleeping Bag about 45 minutes ago",,Activity Notification
"Tambria in Hattiesburg just bought Peruvian Virgin Natural Wave Hair 3 Bundles with Lace Frontal, 100% Human Virgin Hair ",,Activity Notification
Someone in Mount Louisa bought a Coleman Folding Table & Bench Set 2 minutes ago,,Activity Notification
"Natalie in Graham, United States purchased a FREE BTS Answer Magic Pillow about 1 hour ago",,Activity Notification
Someone from purchased a HOLEES Original Ladies II - Navy About 9 hours ago,,Activity Notification
"Someone from Osijek, Croatia just bought TMC CP Style Single Pistol Pouch",,Activity Notification
"Ashley in Auburn, United States purchased a Check Plz iPhone X/Xs Case about 24 minutes ago",,Activity Notification
"Someone in Shelby twp, United States just bought Galaxy Note 8 10000mAh ZeroShock Battery Case 3 days ago",,Activity Notification
Someone added 1pc 4ocean natural stone beads beaded bracelet men boho handmade to their cart RIGHT NOW,,Activity Notification
Your order is reserved for 09:14 minutes! ,,Countdown Timer
0 DAYS22 HOURS13 MINUTES21 SECONDS ,,Countdown Timer
OFFER ENDS: 09h: 09m: 55s: 0 ,,Countdown Timer
Get 20% off Sample Doors! Ã—Offer Ends In 58 : 29 Use Promo Code sample20off,,Countdown Timer
HURRY! Â£32.99 UK DELIVERY ENDS SOON,,Limited-time Message
40% OFF EVERYTHING* ENTER: 40PLT + FREE SHIPPING ON ALL ORDERS OVER $80 ,,Limited-time Message
Limited Time Only Â· Online Only,,Limited-time Message
Low Stock â€“ Selling Fast,,Low-stock Message
