Pattern String,classification
FREE SHIPPING ON ORDERS OVER $100!,1
SOME EXCLUSIONS APPLY - LEARN MORE,1
HAVE A QUESTION? - CONTACT US,1
WELCOME TO 034MOTORSPORT!,1
SHOP AUDISHOP VOLKSWAGENPERFORMANCE SOFTWARE034 APPARELLOCAL SERVICENEWSRESOURCES,1
"ADJUSTABLE SOLID REAR SWAY BAR, 8J/8P AUDI TT/TTS/TTRS & A3/S3/RS3, MKV/MKVI VOLKSWAGEN R32 & GOLF R",1
MORE VIEWS,1
Starting at $25/mo with Affirm. Learn more,1
ORDER ONLINE!,1
4.6 star rating,1
8 Reviews,1
1 Questions \ 1 Answers,1
SKU: 034-402-1002,1
Manufacturer: 034Motorsport,1
Please Note: We highly recommend using this upgrade in conjunction with Spherical Rear Sway Bar End Links for maximum performance.,1
ADD TO CART,1
Add to Wishlist,1
Share Facebook,1
Share on Twitter,1
RELATED PRODUCTS,1
Check items to add to the cart or¬†select all,1
"SWAY BAR END LINKS, MOTORSPORT, REAR, ADJUSTABLE, 8P & 8J AUDI TT/A3, MKV & MKVI VOLKSWAGEN JETTA GTI R32 RABBIT",1
"REBUILD KIT, ADJUSTABLE SOLID REAR SWAY BAR, 22.2MM",1
ITEM DETAILS,1
INSTALL GUIDE,1
MORE INFO,1
WE ALSO RECOMMEND,1
PROP 65,1
Adjustable - 362% or 423% Increased Sway Bar Rate vs. Stock TT RS Rear Sway Bar,1
22.25mm Diameter,1
Solid Spring Steel Construction,1
2-Hole Adjustable,1
Easy to Lubricate Sway Bar Bushings - Zerk Fittings Included,1
Designed to be used in conjunction with the stock front sway bar.,1
What's Included:,1
034Motorsport Adjustable Solid Rear Sway Bar,1
Graphite-Impregnated Urethane Bushings,1
Billet Aluminum Sway Bar Brackets with Lubrication Ports,1
Sway Bar Retaining Clips,1
2010 - 2013 Audi TT RS 2.5 TFSI (8J),1
2011 - 2013 Audi RS3 2.5 TFSI (8P),1
2006 - 2013 Audi TT/TTS Quattro (8J),1
Except 3.2L VR6 Models,1
2006 - 2013 Audi A3/S3 Quattro (8P),1
2008 Volkswagen R32 (MkV),1
2012 Volkswagen Golf R (MkVI),1
Installation Instructions:,1
Click Here!,1
Please Note:,1
This fits 4-Motion AWD & Quattro AWD vehicles¬†only.,1
ABOUT US,1
CONTACT US,1
SERVICE DEPARTMENT,1
TERMS & CONDITIONS,1
PRIVACY POLICY,1
CAREERS AT 034,1
QUICK LINKS,1
SITE MAP,1
SEARCH TERMS,1
ADVANCED SEARCH,1
REQUEST RMA,1
MY ACCOUNT,1
ORDERS AND RETURNS,1
CONNECT WITH US,1
¬© 2005 - Present 034Motorsport. All Rights Reserved. 034Motorsport is not affiliated with any automobile manufacturers. Manufacturer names and/or part numbers are used solely for identification purposes.,1
PRODUCT CATEGORIES,1
LED Bulbs,1
Light Bulbs,1
Rope/Tape Light,1
Smart Home,1
Landscape Lighting,1
Plastics & Glass,1
Specialty Items,1
For Expert Help Call 1-800-624-4488,1
Welcome to 1000Bulbs.com,1
( Login or Register ) Customer Service,1
Cart 0,1
¬†Trending Searches,1
175W MH Equal LED Wall Pack Only $66.49,1
Standard Shaped LEDs only $1.05/ea,1
LED Parking Lot Lights - Starting at $107.24,1
LED Corn Bulbs | HID,1
All Categories,1
LED Light Bulbs,1
LED Light Bulbs - A19,1
LED Light Bulbs - 60 Watt Equal,1
LED Light Bulbs - 60 Watt Equal - 2700 Kelvin,1
LED A19 - 9 Watt - 60W Incandescent Equal,1
750 Lumens - 2700 Kelvin Soft White - PLT-11209,1
Write a review,1
Ask a question,1
This product is ineligible for shipping to the following states: CA,1
"UL approved for damp locations, can withstand outdoor humidity when protected from the elements",1
Long-life LEDs outlast outdated incandescent bulbs and save up to 85 percent in energy costs,1
Frosted plastic construction is shatter resistant,1
Color matched to incandescent bulbs,1
View More Details,1
$0.99 ea.,1
Retail Price $1.99,1
Add to Cart,1
SKU: PLT-11209,1
Lighting can be confusing! Expert Help - Call Now,1
PRODUCT DETAILS,1
Brochures & Spec Sheets,1
PLT-11209 Spec Sheet,1
PLT-11209 Warranty,1
Brand PLT,1
MPN (Part No.) PLT-11209,1
UPC 810665027874,1
Dimmable No,1
Energy Star No,1
Bulb Shape A19,1
Safety Rating UL Damp Location,1
CRI 80,1
Color Soft White,1
Color Temperature 2700 Kelvin,1
"Life Hours 10,000",1
Wattage 9 Watt,1
Incandescent Equal 60 Watt,1
Lumens 750,1
Enclosed Fixture Rated No,1
Voltage 120,1
Beam Angle 240 Degree,1
Base Type Medium (E26),1
Height 4.25 in.,1
Diameter 2.36 in.,1
Warranty 1 Year,1
Case Quantity 50,1
Lumens per Watt 83,1
¬†¬†¬†Changing The Way The World Buys Light Bulbs.,1
Sign Up For Deals,1
Stay Connected,1
Quick Links,1
Shop By Brand,1
Lighting Resources,1
See All Help,1
Contact Us,1
About Us,1
Press Releases,1
Other Links,1
DIY Projects,1
Adobe Reader,1
1000Bulbs.com is proud to offer our customers products that have earned the government's ENERGY STAR label.,1
¬© 2019 1000Bulbs.com | All Rights Reserved.,1
"2140 Merritt Dr, Garland, TX 75041",1
Use of this site signifies your acceptance of 1000Bulbs.com Terms and Conditions and Privacy Policy,1
FREE USA DOMESTIC STANDARD SHIPPING | CA/UK/EU SHIPPING,1
GET 2 FREE SAMPLES WITH ANY $45 PURCHASE,1
Search Button Desktop,1
"Hey, Gorgeous",1
LOG IN OR REGISTER,1
Purist Perks,1
BEST SELLERS,1
FRUIT PIGMENTED¬Æ MAKEUP,1
SKIN CARE,1
HAIR & BODY,1
SHOP PURISTRY,1
Home ‚Ä∫ Multi-Vitamin + Antioxidants Potent PM Serum,1
Multi-Vitamin + Antioxidants Potent PM Serum,1
Natural  Vegan  Cruelty Free Gluten Free,1
"Potent, stabilized vitamins in this PM serum work synergistically to reduce lines and wrinkles, increase firmness and elasticity, brighten and even skin tone.",1
or 4 interest-free installments of $15.00¬†USD by ¬†More info,1
ADD TO TOTE,1
USE IT WITH,1
Restorative Sea Culture Hydrating Toner,1
WATCH OUR VIDEOS,1
You May Also Like,1
Multi-Vitamin + Antioxidants Ultra Rich√© PM Treatment,1
Multi-Vitamin + Antioxidants PM Facial Oil,1
Vitamin C Serum,1
Multi-Vitamin + Antioxidants PM Eye Treatment,1
Reviews & Testimonials,1
Based on 542 Reviews,1
5 ‚òÖ,1
4 ‚òÖ,1
3 ‚òÖ,1
2 ‚òÖ,1
1 ‚òÖ,1
Write a Review,1
Ask a Question,1
Reviews Questions,1
With Photos,1
Most Recent,1
Highest Rating,1
Lowest Rating,1
Most Votes,1
Least Votes,1
Filter Reviews:,1
Super b.,1
United States,1
Great great product!!!‚Äô,1
Was this review helpful? ¬†0¬†¬†¬†¬†0,1
Tricia S.,1
Absolute keeper!,1
Holly H.,1
I love this product. Just the right amount of moisture.,1
Raven H.,1
My favorite serum!,1
"This serum is a must. I apply it every night after toning and it keeps my face clear, moisturized and vibrant.",1
Raquel C.,1
I buy this stuff in bulk.,1
Was this review helpful? ¬†1¬†¬†¬†¬†0,1
Promise You'll Love‚Ñ¢ 100% Guarantee. Learn More,1
New Products,1
Best Sellers,1
Online Gift Card,1
Student Discount,1
About 100% PURE¬Æ,1
Store Locations,1
Wholesale US,1
Wholesale CA,1
Our Blog,1
Start a Return,1
Affiliate Program,1
Shipping FAQ,1
Afterpay FAQ,1
Purist Pro,1
Refer a Friend,1
USD  CAD  GBP MORE,1
‰∏≠ÂõΩ Australia Germany,1
Terms & Condition | Privacy Policy | ¬© 2019 100% PURE¬Æ,1
"If you are using a screen reader and are having problems using this website, please call +1 (844) 787-3100 for assistance.",1
1-877-877-1010 Contact Us Store Locations Customer Service,1
My Account Cart,1
SHOPPING CART,1
"0 item(s) - 0,00 $",1
Tire & Wheel Packages,1
Car Accessories,1
Tools & Tech,1
Car Gallery,1
Home / Accessories / Black Red/Smoke Fiber Optic LED Tail Lights,1
ANZO USA BLACK RED/SMOKE FIBER OPTIC LED TAIL LIGHTS 311265,1
SKU: 311265,1
Chevrolet Suburban/Tahoe 2015-2016 Black Red/Smoke Fiber Optic LED Tail Lights,1
Regular Price: $560.00,1
Availability: No,1
Item(s) Total: $476.00,1
SOLD OUT,1
FITMENT GUARANTEE,1
Orders are verified for fitment guarantee*.,1
EXPERT HELP,1
We know our stuff. Call: 1-877-877-1010 or LIVE CHAT,1
EASY RETURNS,1
Your satisfaction is our goal.,1
Helpful Resources,1
Shipping Information,1
Frequently Asked Questions,1
FITMENT APPLICATION,1
Black Red/Smoke Fiber Optic LED Tail Lights,1
Increased visibility,1
Premium quality,1
Direct bolt-on replacement,1
MANUFACTURER INFO,1
Recently Viewed Items,1
ANZO-USA Black Red/Smoke Fiber Optic LED Tail Lights,1
MORE DETAILS,1
FOLLOW US,1
TIRES BY BRAND,1
TIRES BY TYPE,1
WHEELS BY BRAND,1
CAR ACCESSORIES,1
TIRE & WHEEL TECH,1
Tire Reviews,1
Tire Size Calculator,1
Wheel Offset Calculator,1
Vehicle By Wheel Size,1
Tire Size Chart,1
More Tech...,1
CUSTOMER SERVICE,1
Payment Options,1
Shipping Options,1
Fitment Guarantee,1
Return Policy,1
Our Team of Experts,1
Wholesale Program,1
Share Your Car Photos,1
Customer Reviews,1
Certified Installers,1
Make an Appointment,1
Toll Free: 1.877.877.1010,1
Live Chat:,1
M-F (6:00am - 5:30pm PST),1
Payment Options:,1
"¬© 2019 1010TIRES.COM¬Æ, Inc. All rights reserved.Privacy Policy¬†¬†Terms of Service Average rating 4.6 of 9397 reviews.",1
"GET THE LATEST TRENDS, INSPIRATION AND NEW ARRIVALS - SIGN ME UP FOR EMAILS",1
Skip to main content,1
Skip to footer,1
About us,1
Our shops,1
Customer services,1
Track order,1
my John Lewis,1
Partnership Card,1
United Kingdom (GBP),1
Sign in,1
Home & Garden,1
Furniture & Lights,1
Baby & Child,1
Sport & Leisure,1
Your path to this page. Select a link to go back to a previous page,1
Duvet Covers,1
Previous Image,1
Next Image,1
"John Lewis & Partners Warm and Cosy Ombre Check Brushed Cotton Duvet Cover and Pillowcase Set, Red",1
¬£65.00 - ¬£95.00,1
15¬†reviews,1
Free standard delivery,1
View delivery options,1
View product description,1
Single set,1
This size is available,1
Double set,1
King set,1
Super King set,1
Product price,1
Add to your basket,1
Add to wish list,1
CUSTOMERS ALSO VIEWED,1
"John Lewis & Partners Appin Check Brushed Cotton Duvet Cover Set, Red",1
¬£45.00 - ¬£75.00,1
"This product has received, on average, 5.0 star reviews",1
John Lewis & Partners Warm and Cosy Window Check Brushed Cotton Duvet Cover and Pillowcase Set,1
"This product has received, on average, 2.7 star reviews",1
"Fat Face Penguin Check Duvet Cover Set, Multi",1
¬£35.00 - ¬£65.00,1
John Lewis & Partners Warm & Cosy Brushed Cotton Bedding,1
¬£5.00 - ¬£50.00,1
"This product has received, on average, 4.7368 star reviews",1
Product description,1
Product code: 62790801,1
Bed Linen Buying Guide,1
"This cosy bed linen is lightly brushed after weaving, giving it a soft, velvety touch and extra warm feel.",1
100% Cotton,1
"Cotton - The world‚Äôs most widely used natural fibre, versatile cotton makes the perfect bed linen; cool, lightweight, soft and breathable.",1
Have you thought about sheeting? Shop here.,1
Bedding sizes,1
To fit duvet/pillow size (cm),1
"Standard pillowcase, L75 x W50cm",1
"Single duvet cover, L200 x W135cm",1
"Double duvet cover, L200 x W200cm",1
"King duvet cover, L220 x W225cm",1
"Super king duvet cover, L220 x W260cm",1
Product specifications,1
Brand information,1
Delivery & returns,1
Ratings & reviews,1
MORE LIKE THIS,1
John Lewis & Partners,1
CUSTOMERS ALSO BOUGHT,1
John Lewis & Partners Warm & Cosy Brushed Cotton Fitted Sheet,1
¬£18.00 - ¬£24.00,1
"This product has received, on average, 4.6068 star reviews",1
John Lewis & Partners Crisp and Fresh 200 Thread Count Egyptian Cotton Standard Fitted Sheet,1
¬£17.00 - ¬£30.00,1
"This product has received, on average, 4.4656 star reviews",1
John Lewis & Partners Natural Cotton Quilted Mattress Protector,1
¬£25.00 - ¬£45.00,1
"This product has received, on average, 4.3994 star reviews",1
John Lewis & Partners Crisp and Fresh 200 Thread Count Egyptian Cotton Deep Fitted Sheet,1
¬£22.00 - ¬£32.00,1
"This product has received, on average, 4.463 star reviews",1
RECENTLY VIEWED ITEMS,1
BE IN THE KNOW,1
"Get inspiration, new arrivals and the latest offers to your inbox",1
Sign me up for emails,1
Never knowingly undersold,1
Contact us,1
Never Knowingly Undersold,1
Our services,1
Product recalls & safety notices,1
Track your order,1
Delivery & collection,1
Returns & refunds,1
International orders,1
Buying guides,1
my John Lewis card,1
The Edit,1
Gift Cards & vouchers,1
Shop by brand,1
Terms & conditions,1
Secure shopping,1
Our privacy notice,1
Our apps,1
More from us,1
John Lewis Broadband,1
Waitrose & Partners,1
The Gift List,1
John Lewis Opticians,1
John Lewis for Business,1
John Lewis Home Solutions,1
JLP Jobs,1
JLP corporate information,1
Community matters,1
What's on,1
Download our 2018/19 Modern Slavery statement,1
Partnership card,1
Home insurance,1
Pet insurance,1
Car insurance,1
Wedding insurance,1
Foreign currency,1
Your comments help us improve our website,1
Leave feedback,1
¬© John Lewis plc 2001 -,1
Cookies on JohnLewis.com,1
FPV Equipment,1
Action Cameras,1
FPV Accessories,1
Stock Clearance,1
Home / FPV Accessories / Chargers / HOTA D6 PRO Charger AC200W DC650W 15A For 1-6S Lipo Battery with Wireless Charging,1
SKU: MR1436,1
Availability:In stock,1
HOTA D6 PRO Charger AC200W DC650W 15A For 1-6S Lipo Battery with Wireless Charging,1
0 Review(s) | Add Your Review to Win Points,1
D6 D6 PRO,1
Add To Cart,1
Usually dispatched in 1-2 business days,1
Specifications (D6),1
Input Voltage: DC 6.5~30V,1
Charge Current: 0.1~15A √ó 2,1
Charge Power: 325W √ó 2(650W),1
Discharge Power Internal discharge: 15W √ó 2(balance port 10W),1
External discharge: 325W √ó 2,1
Battery Type LiHv/LiPo/LiFe/Lilon/Lixx : 1~6S,1
NiZn/Nicd/NiMH : 1~16S,1
Smart Battery: 1~6S,1
Lead Acid(Pb): 2~24V,1
Enelop: 1~16S,1
Balance Current: 1600mA √ó 2,1
Discharge Current: 0.1~3A √ó 2,1
External Discharge Current: 1~15A √ó 2,1
USB Output: 5V / 2.1A,1
Dimensions: 108√ó105 √ó76mm,1
Net Weight: 360g,1
SpecificationsÔºàD6 PROÔºâ,1
Input Voltage: AC100~240V / DC 6.5~30V,1
Charge Power: C 325W √ó 2(650W),1
AC 200W(Support power distribution),1
Discharge Power Internal discharge: 15Wx2(balance port 10WÔºâ,1
External discharge: 325W √ó 2(650W),1
Enelop : 1~16S,1
Dimensions: 108 √ó105 √ó 76mm,1
Net Weight: 555g,1
Package included:,1
1* HOTA D6 Charger / 1*HOTA D6 PRO Charger,1
Best Seller,1
ISDT Q6 Plus 300W 14A MINI Pocket Battery Balance Charger,1
US$ 32.99-100%,1
ISDT PC4860 1-8S Safe Parallel Board XT60 CNC Parallel Charging Board,1
"ISDT Q6 Lite 200w Smart Charger With 2.4"" Display",1
RadioLink CB86 PLUS Balance Charger With 2.8inch TFT Display,1
HOTA D6 PRO Charger AC200W DC650W 15A For 1-6S Lipo Battery With Wireless Charging,1
Related Products,1
ISDT D2 200W 24A AC Dual Channel Output Smart Battery Balance Charger,1
ISDT BG-8S Smart Battery For Checker Balancer Receiver Signal Tester Quick Charge Function,1
Kylin KN-2212002 Screwdriver Set 4PCS 1.5/2.0/2.5/3.0X100mm,1
Why Choose SurveilZone,1
Location And Working Time,1
Estimated Delivery Time,1
Locations We Ship To,1
How To Get Points,1
Store Information,1
Call us now: +13473520156,1
Email: info@surveilzone.com,1
Review Sponsor: service@surveilzone.com,1
Skype: surveilzone,1
Wholesale/Reseller: buy@surveilzone.com,1
Why Buy From Us,1
Payment Method,1
Privacy Policy,1
My Account,1
Sign In,1
View Cart,1
My Wishlist,1
My Order,1
Facebook Page,1
Follow Us,1
¬© 2019 SurveilZone.com. All Rights Reserved.,1
All ads,1
POST YOUR AD,1
"Fashion, Health & Beauty",1
Sort results by,1
Date: Newest on top,1
Show only Buy now ads,1
Type of poster,1
All posters,1
Only members,1
"Health & Beauty Products (2,109)",1
"Clothing (1,704)",1
"Watches (1,123)",1
Jewellery (755),1
Sunglasses & Opticians (573),1
Bags & Luggage (390),1
Shoes & Footwear (379),1
Other Personal Items (261),1
Other Fashion Accessories (145),1
All of Sri Lanka,1
"Colombo (5,247)",1
Gampaha (879),1
Kandy (393),1
Kalutara (222),1
Kurunegala (148),1
Show more,1
"Showing 1-25 of 7,439 ads",1
ikman Deals,1
Natural Tiger Eye Brown Bracelet 12mm,1
"Rs 1,650Rs 3,00045% OFF",1
Free Delivery,1
Shampoo Bed,1
"Gampaha, Health & Beauty Products",1
"Rs 15,500",1
TOP AD,1
Mens Slim Fit Chino Pant,1
"Colombo, Clothing",1
"Rs 1,500",1
"Blue and Yellow Sapphire Gem Ring""‡∂±‡∑í‡∂Ω ‡∑É‡∑Ñ ‡∂¥‡∑î‡∑Ç‡∑ä‡∂¥‡∂ª‡∑è‡∂ú ‡∂ª‡∑í‡∂Ø‡∑í ‡∂∏‡∑ñ‡∂Ø‡∑î""",1
"Kandy, Jewellery",1
"Rs 14,000",1
AO Aviator Silver Sunglasses,1
"Colombo, Sunglasses & Opticians",1
"Rs 2,990",1
10 minutes,1
New Wasthi Sunglasses FF 1000,1
"Rs 3,490",1
13 minutes,1
High Quality Mens Boxer,1
Rs 115,1
5Pcs Baby Diaper Bag Sets,1
"Colombo, Bags & Luggage",1
"Rs 2,999",1
Men's Dri-fit T-Shirts,1
Rs 590,1
1 hour,1
Sector Expander Watch Original Used,1
"Colombo, Watches",1
"Rs 20,000",1
Royal Rings,1
"Ratnapura, Jewellery",1
"Rs 4,500",1
"Rs 5,000",1
Winner Brand Mens Watch,1
"Rs 4,000",1
2 hours,1
A Grade branded clothes,1
"Gampaha, Clothing",1
Rs 950,1
PVC Heavy Duty Rain Coat Jacket & Trouser Unisex,1
"Colombo, Other Personal Items",1
"Rs 1,400",1
Cama Shoes from Australia,1
"Colombo, Shoes & Footwear",1
"Rs 2,000",1
Wedding frock,1
"Rs 15,000",1
Mens Diesel Armbar Original Watch DZ1847,1
"Rs 16,500",1
3 hours,1
Slazenger Ankle Shoe,1
"Gampaha, Shoes & Footwear",1
"Rs 10,000",1
Nike Air Max 270,1
"Kandy, Shoes & Footwear",1
4 hours,1
Outdoor camping backpack 60L,1
"Rs 5,500",1
6 hours,1
Shisha vapes,1
"Kurunegala, Other Personal Items",1
"Rs 2,800",1
Men's shoes,1
"Rs 3,900",1
Titan Original,1
"Rs 21,000",1
Womens purse,1
"Kegalle, Other Fashion Accessories",1
Rs 550,1
Belt for Women,1
Rs 700,1
7 hours,1
"Kegalle, Clothing",1
"Rs 1,200",1
Sweat Blouse,1
Rs 900,1
Download our app,1
Connect with,1
Like us on facebook,1
More from ikman,1
Sell Fast,0
Buy Now,1
Banner Ads,1
Help & Support,1
Stay safe,1
Follow ikman,1
About ikman,1
Terms and Conditions,1
Privacy policy,1
Copyright ¬© Saltside Technologies,1
FREE SHIPPING ON ORDERS $150+ (U.S. ONLY.),1
SIGN IN,1
ALL PRODUCTS,1
5 star rating,1
48 Reviews,1
| Leave a Review,1
Science Backed Claims,1
$24.00 USD,1
1 BOTTLE,1
2 BOTTLES,1
3 BOTTLES,1
PRODUCT OVERVIEW,1
"Transparent Labs is the first nutrition brand to make a highly bioavailable Zinc and Magnesium supplement, ZMO.",1
"Standing for Zinc, Magnesium, Oyster - each serving of ZMO contains active and accessible Zinc, Magnesium, and trace-mineral rich Oyster Extract!",1
"To be specific, we are proud to disclose the exact forms we use:",1
Zinc Picolinate,1
Magnesium Bisglycinate,1
Oyster Meat Powder,1
"ZMO is the true solution to nighttime muscle recovery and sleep support, vastly out-performing cheap and industrial oxide and aspartate supplements riddled across the supplement industry.",1
Possible ZMO benefits:¬†,1
A Better nights rest,1
Higher natural energy levels over time,1
Better performance gains,1
Higher testosterone in men,1
SEE PRICING,1
INGREDIENT PROFILE,1
"Directions: As a dietary supplement,¬†take 2 capsules daily with 12 ounces of water. For best results, take on an empty stomach, 30-60 minutes before going to sleep.",1
Servings Per Container: 30 vegi-capsules,1
Elemental Magnesium,1
144 mg,1
TESTOSTERONE LEVELS,1
GENERAL HEALTH,1
"Aside from testosterone, Magnesium supplementation is linked to greater insulin sensitivity [3], reduced blood pressure [4], and reduced stress/anxiety [5].",1
Elemental Zinc,1
10 mg,1
500¬†mg,1
"In addition to delivering a wide array of 59 trace minerals, Oyster Meat is also under investigation for increasing endurance [10], anti-oxidant activity [11], and immunity function in athletes [12].",1
OTHER POPULAR PRODUCTS,1
BULK PRE-WORKOUT,1
$49.00 - $119.00,1
100% GRASS-FED WHEY PROTEIN CONCENTRATE,1
$49.00 - $123.00,1
PREBIOTIC GREENS,1
$36.00 - $98.00,1
CREATINE HMB,1
$39.00 - $87.00,1
STRENGTHSERIES ZMO FAQ'S,1
Q: When will my order be shipped out?,1
Q:¬†How should StrengthSeries ZMO be taken to maximize its effectiveness?,1
"Q:¬†I am subjected to drug testing for my sport, can I take StrengthSeries ZMO?",1
"Q:¬†I don't live in the United States, can I still buy StrengthSeries ZMO?",1
Q: Does StrengthSeries ZMO require a post cycle regiment?,1
Q: Is it necessary to cycle on and off StrengthSeries ZMO?¬†HMB?,1
Q: How long until I notice results in my training?,1
Q: Does Transparent Labs ship to my Country?,1
Other top rated products,1
PreSeries LEAN Pre-Workout,1
4.79576 star rating,1
PhysiqueSeries Fat Burner,1
4.75356 star rating,1
PreSeries BULK Pre-Workout,1
4.81425 star rating,1
ProteinSeries 100% Grass-Fed...,1
4.88381 star rating,1
StrengthSeries Creatine HMB,1
4.87958 star rating,1
PreSeries STIM-FREE Pre-Workout,1
4.78397 star rating,1
Powered by,1
4.9 star rating,1
49 Reviews,1
23 Questions \ 23 Answers,1
ASK A QUESTION,1
WRITE A REVIEW,1
Reviews (49),1
Questions (23),1
Rodney J.,1
Verified Buyer,1
ZMO supplement,1
I really like the ZMO. I feel better today with it.,1
Share Review by Rodney J. on 9 Nov 2019,1
Was This Review Helpful?,1
Jorge H.,1
Good supplements,1
Share Review by Jorge H. on 4 Oct 2019,1
Kariim S.,1
Great product.,1
I love this product it helps me sleep like a baby without feeling groggy in the morning.,1
Share Review by Kariim S. on 22 Sep 2019,1
Trey E.,1
Read more about,1
Share Review by Trey E. on 20 Jul 2019,1
James A.,1
Great product,1
excellent product. aids in a solid night sleep. definitely helps with energy levels. will purchase again,1
Share Review by James A. on 16 Jul 2019,1
1 2 3 4 5 6 7 8 9 10,1
SIGN UP FOR OUR NEWSLETTER,1
"Sign up to get the latest on sales, new releases and more ‚Ä¶",1
Shipping Info,1
Macro and Calorie Calculator,1
Certificates of Analysis,1
Certificates of Composition,1
Referral Program,1
"¬© 2019 Transparent Labs. Statements contained herein have not been evaluated by the Food and Drug Administration. This product is not intended to diagnose, treat, cure or prevent any disease.",1
Powered by Shopify,1
ABOUT ZOEVA,1
HERE TO STAY: FREE SHIPPING ON ORDERS OVER 100 USD,1
HOME / ROSE GOLDEN COMPLETE EYE SET,1
ROSE GOLDEN COMPLETE EYE SET,1
VOL. 1,1
0.0 star rating,1
TREAT YOURSELF,1
Read more,1
COLOR: VOL. 1,1
"*PRICES INCL. VAT, SHIPPING COSTS APPLY *PRICES EXCL. VAT, SHIPPING COSTS APPLY",1
"CONTENT; 1.00 PC(S), BASE PRICE: $90.00 / 1.00 PC(S), PRODUCT-CODE: SBE12S1",1
PACKAGING AND CONTENT,1
142 / CONCEALER BUFFER pure synthetic hair,1
Applies and blends concealer,1
224 / LUXE DEFINED CREASE natural synthetic hair blend / Treated goat hair,1
Blends eyeshadow in the crease,1
226 / SMUDGER pure synthetic hair,1
Blends eyeshadow and kohl along the lash line,1
227 / LUXE SOFT DEFINER natural synthetic hair blend / Treated goat hair,1
Softly blends and smoothes eyeshadow,1
228 / LUXE CREASE natural synthetic hair blend / Treated goat hair,1
Blends and shades eyeshadow in the crease,1
230 / LUXE PENCIL natural synthetic hair blend /...,1
ABOUT ZOE BOIKOU,1
MEET THE FOUNDER,1
SIMILAR PRODUCTS,1
"*PRICES INCL. VAT, SHIPPING COSTS APPLY",1
"*PRICES EXCL. VAT, SHIPPING COSTS APPLY",1
EXPLORE ZOEVA,1
NEW & EXCLUSIVE,1
Shop our latest collections and online exclusives,1
See all our fan favorite must-haves,1
HIGHLIGHTER PALETTES,1
Shine bright with dazzling shades,1
POSITIVELY BEAUTIFUL. AUTHENTICALLY YOU.,1
MAKEUP SETS,1
SHIPPING AND PAYMENT,1
STORE LOCATOR,1
JOIN OUR NEWSLETTER,1
¬© ZOEVA US 2019,1
COUNTRY: UNITED STATES,1
Call 040 - 67006700 for help,1
Locate A Store| Download App  |  Sign In/Register,1
Enter your delivery Locality,1
or Pincode to start shopping,1
Type your area name / pincode,1
Locate me,1
"Note: Selection of service locality/pincode is required to place an order. Our Default locality is Balanagar, Hyderabad.",1
All Product,1
"6/56, Bhavani Nagar, Moosapet, Hyderabad, Telangana 500018, India , Hyderabad",1
Home Delivery Available,1
HEALTH STORE,1
HEALTHY LIFE,1
Home  Baby Needs  Baby Care  Baby Creams & Lotions  Baby Dove Rich Moisture Nourishing ...,1
Hover to Zoom,1
BABY DOVE,1
BABY DOVE RICH MOISTURE NOURISHING BABY LOTION 200ML,1
MRP  180,1
Save 40%,1
Inclusive of all Taxes,1
Standard Delivery - Free,1
Available In 24 Hrs,1
Also available at the following stores near you,1
Product Information,1
Suitable for new borns as well.,1
Benefits of Baby Dove Rich Moisture Nourishing Baby Lotion,1
100% Protection,1
Genuine Products|Secure Payments,1
Applicable Offers,1
Get Upto 350 Cashback | Min order value Rs 1000 | Tiered Campaign T & C,1
Use code KWIK20 | Get 20% Supercash | Max upto Rs 150 T & C,1
Other Products,1
HIMALAYA BABY LOTION 200ML,1
MRP 145,1
Save 12%,1
HIMALAYA BABY CREAM 200 ML,1
Save upto 5%,1
HIMALAYA BABY CREAM 100 ML,1
MRP 128,1
HIMALAYA DIAPER RASH CREAM 20GM,1
HIMALAYA BABY LOTION 400 ML,1
SEBAMED BABY WASH EXTRA SOFT 200ML LOTION,1
JOHNSON'S BABY CREAM 100GM,1
SEBAMED DIAPER RASH CREAM 100ML,1
AVEENO DAILY MOISTURIZING 354ML LOTION,1
HIMALAYA BABY LOTION 100 ML,1
More Products from BABY DOVE,1
More Baby Creams & Lotions,1
More Baby Creams & Lotions from BABY DOVE,1
Subscribe Now,1
About Us FAQs Locate A MedPlus Store Track Orders Browse All Brands Customer Feedback Contact Us,1
General Store,1
Baby-Needs: Baby Food / Baby Care,1
Health-n-Nutrition: Health Drinks / Breakfast Cereals / Nutritional Foods / Weight Management,1
OTC-n-Health-Needs: First Aid / Pain Relief / Cold Relief / Joint Care & Support / Skin & Foot Care / Digestives & Laxatives / Healthcare Devices / Anti-Smoking Products,1
Vitamins-n-Supplements: Sports Supplements / Vitamins & Minerals / Herbal Supplements / Jamieson,1
Diabetic-Needs: Diabetic Testing Needs / Diabetic Nutrition / Diabetic Aids,1
Medicine Information: Health Records¬†/ Request a Product¬†/ Store Locator¬†/ Top Searches¬†/ Alphabet Wise Products,1
Browse Surgicals products by category: Anaesthesia / Cardiovascular / CSSD / Catheters & Tubes / IV Needs / Mobilization Equipment / Orthopaedic / Surgicals / Pulmonary/Emergency Care / Diagnostic/Imaging,1
Follow us,1
About MedPlusMart:,1
MedPlus: One of the most trusted gateways to medicines and general provision,1
6 Reasons for you to Shop from MedPlus:,1
Authentic medicines: Be 100% assured of receiving genuine medicines,1
Monthly provisions: One stop store for both medicines as well as monthly provisions (kiraana),1
Quick to-door deliveries: We ensure the delivery of well-packaged products to your doorstep at quick timelines.,1
"Pocket-friendly: Our range of discounts, offers and deals will allow you to go economical everyday, everytime. We recommend you to explore FlexiRewards, our special saving scheme.",1
Track and Re-Order: Conveniently refer to all your previous bills and orders which will allow you to re-order with a single click.,1
"Also, for those of you who prefer offline shopping, locate your nearest store and get going!",1
¬© 2019 MedPlusMart.com. All rights reserved.,1
Pre Black Friday Sale! Save 18%¬†|| Coupon code: EARLYBF,1
MORE BRANDS,1
Brother TN660 Compatible Toner Cartridge 5-Pack,1
MSRP: $64.99,1
(You save $20.00 ),1
Item Number: CBTN660VB,1
(82 reviews) Write a Review,1
In Stock & Ready to Ship,1
Brother TN660 Toner Cartridge 5-Pack - Compatible,1
SuppliesOutlet.com is the leader in quality compatible printer supplies.,1
Product Specification,1
New Compatible,1
Lifetime Warranty from us & will not void your printer warranty.,1
Page Yield,1
2600 per cartridge,1
Multipack Includes,1
Five TN660 Toner Cartridges,1
Replaces the Following Manufacturer Numbers:,1
Compatible with the Following Printer Models:,1
100% Satisfaction Guarantee,1
Same day shipping for orders placed by 6pm (EST),1
Made with the highest quality New & Recycled components in ISO9001/14001 certified factories,1
LIFETIME performance guarantee... Click for info,1
100% OEM Compatible - Guaranteed to meet or exceed the performance of your original cartridge and print tested at the factory,1
Nearly all our products have these certifications! Compare our Quality!,1
What Other Customers Are Saying,1
Posted by robert wagar on Jun 19th 2019,1
"works well, fastest shipping, dependable supplier, ordered many times before. Will order again",1
Best Cartridge for the money EASY,1
Posted by BOTY (Boss Of The Year) on Mar 5th 2019,1
"So if you're planning on using these to print beautiful charcoal drawings, these may not be for you, but for normal printing these are great..",1
I WILL ALWAYS BUY THIS PRODUCT THRU SO.com,1
Posted by Rose on Feb 22nd 2019,1
"I own a Tax business and were ALWAYS in need of toner, and SuppliesOutlet is the BEST company by far that we have ever dealt with!",1
Arrived as ordered and as promised.,1
Posted by mike_at_GLY on Feb 15th 2019,1
Easy to work with. I'll be back. Thank you.,1
Very Happy,1
Posted by EL on Aug 15th 2018,1
I've been ordering these for years. Really helps keep our copying costs down.,1
Quality for a fraction of the normal cost,1
Posted by Aaron on Aug 14th 2018,1
I can buy about 5 high capacity printer cartridges or 1 locally for about the same price. Do a little planning and save big!,1
"Good product, great buy!",1
Posted by skeptic on Jul 30th 2018,1
"See no difference from Brother's product, except in price",1
greta product,1
Posted by Jimmy V. on Mar 19th 2018,1
"I got the toner and right on time, works great thanks!!",1
Fast shipping,1
Posted by Cindy on Mar 19th 2018,1
RELATED ITEMS,1
"Brother TN660 Set of Two Compatible Toner Cartridges for HL-L2320D, HL-L2340DW and HL-L2360DW ..",1
Brother TN660 OEM High Yield Black Toner Cartridge,1
Brother TN660 Compatible Black Jumbo Toner Cartridge ..,1
Brother TN660 Compatible Black Toner Cartridge,1
MSRP: $14.99,1
Brother TN660 Compatible Black Toner Cartridge.,1
Warranty & Returns,1
Shopping Cart,1
Printer Brands,1
More Brands,1
Supplies Outlet,1
5440 Reno Corporate Dr,1
"Reno, NV 89511",1
Call us at 1-877-822-8659,1
Subscribe for Savings,1
Get the latest updates on new products and upcoming sales,1
¬© 2019 Supplies Outlet - All rights reserved.,1
SHOP NOW,1
ShopHomeNETGEAR¬†¬†Router¬†&¬†Satellite...,1
NETGEAR Router & Satellite WiFi System SRK60,1
Orbi Pro Better WiFi for Businesses and Customers,1
b8ta price,1
Sorry this product is currently out of stock. Enter your email and we‚Äôll let you know¬†when¬†it‚Äôs¬†back.,1
EMAIL ADDRESS,1
Free shipping.,1
Full refund on most items within 30 days.,1
See details.,1
AccessibilitySupportCareersPressPartner With UsBuilt by b8taPrivacyTerms of UseBlog,1
¬© 2019 b8ta,1
UK & Ireland,1
Label Products,1
KL-7400 Label Printer,1
At a glance,1
The image colour may differ slightly from the original.,1
"This KL-740 Label Printer display 4 lines and 16 digits metal cover. Its comes with barcode printing, 20 character sizes (1x1 to 4x4) with auto power.",1
No. of Lines max. 3,1
20 Character Sizes (1x1 to 4x4),1
60 pre-installed logos with text and icons,1
Copy & Paste Function,1
Full & Half Cut Function,1
"Barcode Printing: EAN-8, EAN-13",1
Fonts 5,1
"Effects Shading, Underline, Box",1
General Data,1
Display 4 Lines / 16 DigitsMetal Cover,1
Printing Speed 10 mm/sec.,1
Resolution 200 dpi,1
Size (W x L x H) 202 x 216 x 64.5mm,1
Weight 750 g,1
Battery 8 x AA,1
Supported Label Tape Sizes 6 / 9 / 12 / 18 / 24 mm,1
Support Information,1
Category Home,1
Electronic Musical Instruments,1
Label Printers,1
Integrated EPoS Solutions,1
Cash Registers,1
Digital Cameras,1
Handheld Terminals,1
Windows / Mac OS,1
iOS / Android,1
Repair Tracking,1
Servicing & Repairs,1
Trade Repair Tracking,1
Product Registration,1
Case Studies and News,1
Where to purchase,1
Modern Slavery Act,1
WEEE Regulations,1
Shipping Returns,1
¬© 2019 CASIO ELECTRONICS CO. LIMITED Privacy Policy Terms of Use Cookie Policy Sitemap,1
UK & Ireland  Select Country or Region,1
Free Shipping On Orders Over $49.¬†Details,1
Log In  Saved for Later Cart(0),1
TALK TO A MUSTANG ENTHUSIAST,1
"M-F 8:30A-11P, Sat-Sun 8:30A-9P",1
1999-2004 MUSTANG CHANGE YEAR,1
CHANGE VEHICLE,1
Wheels & Tires,1
"Win $5,000 For Your Mustang! Enter Daily",1
Mustang Parts & Accessories Ford Mustang Wheels & Tires Ford Mustang Wheels 1999-2004 Mustang Parts & Accessories 1999-2004 Mustang Wheels & Tires 1999-2004 Ford Mustang Wheels,1
Rovos Cape Town Satin Silver Wheel - 18x10.5 - Rear Only (99-04 All),1
Item 398170G99,1
Customer pics (6),1
Call a Mustang Enthusiast at 1-877-887-1105,1
5 Reviews 2 Answers,1
Market Price $328.90,1
You Save 54% ($178.91),1
On Sale,1
$149.99 (each),1
FREE Shipping,1
or as low as $14/mo with Affirm,1
see how much you prequalify for,1
WILL THIS FIT YOUR MUSTANG?,1
Choose Year,1
Change Vehicle,1
Item Options,1
YES: Free Mount and Balance,1
FREE 3-day Delivery,1
"In Stock Get it by Thursday, 11/14",1
Ship to: Old Westbury - 11568,1
Save for later,1
99-04 Mustang Owners Who Viewed This Item Also Viewed,1
Rovos Cape Town Satin Bronze Wheel - 18x10.5 - Rear Only,1
(99-04 All),1
Rovos Cape Town Satin Silver Wheel - 18x9,1
Rovos Pretoria Silver Wheel - 18x9,1
Features & Details,1
Five-Spoke Construction,1
Satin Center Cap,1
Powder Coated Satin Wheel with and Gloss Silver details,1
Fits all 1999-2004 Mustangs,1
Product Resources,1
Customer Photos (6) Customer Reviews (5) Questions (2) & Answers (2),1
Warranty. Rovos warrants this wheel against material defects for 5-years and structural integrity for the life of the product. The guarantee protects the original purchaser.,1
Recommended or Required Upgrades. Combine two 18 inches by 9-inch front wheels and two 8 inches by 10.5 inch rear wheels for a staggered stance.,1
Application. The 18x10.5 Rovos Cape Town Satin Silver Wheel is designed to fit all 1999-2004 Ford¬†Mustangs.,1
Fitment: 199920002001200220032004 Details,1
State of the Art On-Site Tire Facility,1
Scratch Free Mounting Process,1
"Environmentally Friendly, Lead Free Wheel Weights",1
Free Optional Nitrogen Tire Fill,1
1 to 2 Business Day Turn Around Time on Most Orders,1
MPN# SC072-1805511423SSCH,1
CA Residents:  WARNING: Cancer and Reproductive Harm - www.P65Warnings.ca.gov,1
What's in the Box,1
(1) Wheel,1
(1) Center Cap,1
Installation Info,1
Installation Time,1
(approx) 30 Minutes,1
Difficulty Level:,1
Simple installation for anyone.,1
Installation Guides,1
No guide available for this part yet. Find out how to get up to $200 for writing an install guide.,1
Tech Specs,1
People Who Viewed This Item Ultimately Bought,1
Bullitt Solid Anthracite Wheel - 17x8,1
2010 GT500 Style Black Wheel - 18x10 - Rear Only,1
(94-98 All),1
Customer Photos (6),1
Submit Your Photo,1
VIEW ALL 6 PHOTOS,1
Top Wheels for your 99-04 Mustang,1
2003 Cobra Style Black Wheel - 17x9,1
Deep Dish Bullitt Black Wheel - 17x10.5 - Rear Only,1
2013 GT500 Style Gloss Black Wheel - 18x9,1
Deep Dish Bullitt Anthracite Wheel - 17x10.5 - Rear Only,1
Magnetic Style Black Wheel - 19x8.5,1
1995 Cobra R Style Chrome Wheel - 17x9,1
Deep Dish Bullitt Black Wheel - 18x10 - Rear Only,1
Bullitt Motorsport Black Wheel - 18x10 - Rear Only,1
Questions & Answers (2),1
2 Top Rated Questions,1
Can you install 18x10.5 on the front ?,1
Helpful (0),1
will these fit a 06 gt? i dont want the 20s :/,1
These will work on the 06 models yes.,1
Not finding an answer? Ask your question!,1
Post Your Question,1
Rovos Cape Town Satin Black Wheel - 18x10.5 - Rear Only,1
Rovos Durban Black Chrome Wheel - 18x10.5 - Rear Only,1
Rovos Durban Gunmetal Wheel - 18x10.5 - Rear Only,1
Bullitt Chrome Wheel - 17x8,1
Deep Dish FR500 Style Anthracite w/Machined Lip Wheel - 18x10 - Rear Only,1
AMR Black Wheel - 18x10 - Rear Only,1
(05-09 All),1
Rovos Durban Satin Bronze Wheel - 18x10.5 - Rear Only,1
Saleen Style Black Chrome Wheel - 18x10 - Rear Only,1
Customer Reviews (5),1
Overall Rating,1
out of 5 stars,1
Installation Time:Less than 1 Hour,1
Bang For Your Buck,1
Search Reviews,1
Sort By,1
Most Helpful,1
Oldest First,1
Highest Rated,1
Lowest Rated,1
Filter By,1
All Ratings,1
5 Stars,1
4 Stars,1
All Years,1
All Submodels,1
Mach 1,1
"September 27, 2019",1
Review from Rovos Cape Town Satin Silver Wheel - 18x10.5 - Rear Only (94-98 All),1
Sexy wheel,1
Year: 2004,1
Submodel: Mach 1,1
Bang for your Buck,1
"April 21, 2018",1
Nice Wheel,1
Year: 2003,1
Submodel: GT,1
Helpful (7),1
"March 29, 2018",1
I'm loving the rims and was worried about the offset but they lined up well.........look great!,1
Year: 1994,1
Submodel: Cobra,1
"December 10, 2017",1
Great quality wheels great finish,1
defiantly look way more expensive then they are great looking wheels,1
Year: 2000,1
Helpful (8),1
Installation Time:Afternoon,1
"August 18, 2017",1
"These rims are awesome. Makes my car stand out against the rest in town, must get these!",1
Year: 2002,1
Word on The Street,1
"Fast & easy, great photos of item as well as great description of what to expect from the seller!",1
Previous Slide Next Slide,1
Meet Our Team,1
"Dave, Gray Metallic '16 GT",1
Category Manager,1
SEE ALL PROFILES,1
PROJECT CARS & EVENTS,1
Project Cars,1
Bolt-On Build-Ups,1
Our Rides,1
Hot Lap Episodes,1
Check Order Status,1
International FAQ,1
Our Team,1
Giving Back,1
Mustang Clubs,1
Submit a Guide,1
SHOP MUSTANG,1
New Mustang Products,1
Mustang Deals,1
Mustang Brands,1
Mustang Info & Advice,1
Mustang Parts by Year & Model,1
Mustang Specs By Year,1
Subscribe: New Mustang videos daily!,1
Subscribe to our YouTube Channel,1
ENTER YOUR EMAIL FOR DEALS & OFFERS,1
SIGN UP,1
Connect with us on Facebook,1
AmericanMuscle on Youtube,1
Connect with us on Instagram,1
2003-2019 AMERICANMUSCLE.COM. ¬ÆALL RIGHTS RESERVED¬† SITEMAP ¬†|¬† PRIVACY POLICY ¬†|¬† MOBILE SITE,1
Penis Toys,1
Anal Toys,1
FREE STANDARD SHIPPING ON ALL ORDERS OVER $69,1
Customer Service,1
Customer Service: (888) 289-8423,1
PENIS TOYS,1
ANAL TOYS,1
Sex Info,1
ToysSex BooksStraight Fiction,1
Fifty Shades Darker: Book two of the Fifty Shades Trilogy,1
No ratings yet. Be the first!,1
Rate It,1
By E L James,1
In Stock Now!,1
Brand: Random House,1
Reviews & Ratings,1
Rate and Review It,1
Order Lookup,1
FAQ & Return Policy,1
SEX TOYS 101 + INFO,1
Sex Tips,1
Learn About Sex,1
Sex Glossary,1
About Babeland,1
Job Opportunities,1
STAY CONNECTED,1
Join Our List Get,1
$5 Off Your Next Order,1
"Content ¬© 2019 Babeland, LLC. All Rights Reserved",1
In order to give you a better service we use cookies. By continuing to browse the site you are agreeing to our use of cookies. I Agree,1
A great little set that's absolutely perfect for the newbies to the pleasures of bondage,1
The New Intimacy,1
WOMEN MEN COUPLES SEX TOYS VIBRATORS DILDOS ANAL TOYS SALE INFO,1
FREE STANDARD SHIPPING ON ORDERS $50+.,1
24 Hour Dispatch.,1
SUPER SALE: SAVE UP TO 85% ON EVERYTHING,1
SEX TOY KITS,1
ALL SEX TOY KITS,1
Soft touch set,1
Complete BDSM set,1
Add to comparison,1
70% OFF,1
80 POINTS,1
What makes it awesome,1
"Includes a pair of 9"" by 2.5"" cuffs with velcro closures and convenient D-ring and swivel hook hardware for easy adjustment and secure restraint;",1
"Plushy blindfold measures 8"" by 3"" and features elastic strap;",1
"A soft flogger has 6.5"" faux leather handle and 13"" tails.",1
A closer look,1
How It Feels,1
Made from comfortable soft cotton,1
Made from durable and seductive faux-leather,1
Made from lightweight and soft fleece,1
Texture: Smooth,1
Fluffy and soft fleece lining,1
Color: Black,1
How It Measures,1
Size: One size fits most,1
"Length: 3""",1
Weight: 1 lb,1
How It Works,1
"Kit includes: Cuffs, flogger and a blindfold",1
Closes with silky and easy-to-unfast ribbon tie,1
Closes with secure swivel clip,1
Closes with easy-to-unfast velcro,1
Ordering Details,1
Manufacturer: EdenFantasys,1
Catalog ID: ETSK001,1
This set works well for the couple out to have a 50 Shades type experience.,1
Starlight Requiem's review,1
"Great for beginners, good value for the money, well made",1
freud13's review,1
Sturdy design Comfortable fit for most sizes Soft and luxurious feel Beginner-friendly,1
sXeVegan90's review,1
Great for beginners Very lightweight Multiple types of play,1
Ms. Paprika's review,1
Amazing promotions,1
Select Enhance it,1
Select Foreplay,1
"Select Penis extensions, lingerie and more",1
Kit Price:,1
You save:,1
Sale price is not valid in the kit,1
Select: Enhance it,1
(7 styles),1
Edenfantasys rechargeable C bunny,1
Perfect companion rechargeable mini,1
Sweet vibrating nipple clamps,1
Eden rechargeable silicone tongue,1
Select: Foreplay,1
Magic force,1
Rechargeable Hitachi style wand,1
Eden rechargeable pocket wand with attachments,1
"Select: Penis extensions, lingerie and more",1
(10 styles),1
High society cupless bra and garter set,1
Silicone extension with vibrating bunny,1
Red stockings,1
Hide kit,1
Other delightful options,1
Glass delight kit,1
$77.99 $38.99,1
Mistress bondage kit,1
$71.99 $28.80,1
Kegel trainer set,1
$59.99 $29.99,1
All All Sex Toy Kits,1
¬© 2019,1
"Web Merchants, Inc. All Rights Reserved",1
"640 Airport South Parkway, 400 Atlanta, GA 30349, USA",1
Phone: +1 (770) 604 - 1352 Customer Service 24/7,1
Fax: (609) 920-0332,1
Order status,1
Mobile version,1
Wholesale Sex Toys,1
Eden services support,1
This site is intended for viewing and shopping by audience 18+,1
All models are 18 years of age or older.,1
2257 Compliance Notice,1
"Last update: October 29, 2019",1
My VOD Dashboard | Sign In,1
Try Unlimited,1
Free Shipping Over $25.¬†¬† ¬†¬†Millions of Satisfied Customers,1
On Demand,1
Sex Toys,1
New Releases,1
Live Cams,1
Video On Demand Bestsellers,1
What's Trending?,1
1080p HD,1
720p HD,1
DVD Recent Releases,1
The Rocco Jack Daddy Stroker - Clear,1
Swiss Navy Silicone Based Anal Relaxing Lubricant - 2oz.,1
Tenga Premium Vacuum Cup Original - Blue,1
"Rascal: Adam Killian 8"" Silicone Dildo With Silicone Handle and Suction Cup Base",1
Bathmate Hydromax3 - Crystal Clear,1
Maia: Jayden Rechargeable Vibrating Erection Enhancer - Rose Gold,1
GayEmpireLive Cams,1
Exclusive Offers! Special Discounts!,1
Sign up for our newsletter today!,1
I am 18 or over and consent to receive sexually explicit material.,1
Sign Up,1
Discreet Service,1
Discreet Packaging,1
Customer Testimonials,1
Webmasters $$,1
Gift Certificates,1
Help Center,1
Guest Order Lookup,1
Your Account,1
Track Your Order,1
Shipping Rates,1
Make A Suggestion,1
Other Empire Sites,1
Adult DVD Empire,1
Adult Empire,1
Adult Empire Unlimited,1
Adult Empire Cash,1
Used DVDs,1
"¬©1997-2019 Ravana, LLC.",1
Copyright Notice - Terms of Use - Privacy Policy,1
18 U.S.C. ¬ß 2257,1
SEE ALL,1
SEX INFO,1
Wish List,1
FREE DISCREET SHIPPING ON ORDERS $69+,1
Ooh Classic Vibrator Attachment by Je Joue,1
This silky smooth and elegantly contoured attachment is designed for both internal and external play.,1
Mix & Match the Ooh Large Motor Vibrator with other Je Joue Ooh silicone attachments,1
Red or Pink Silicone,1
6 ¬º‚Äù x 1 1/3‚Äù,1
Must be paired with a Ooh Rechargeable Motor Vibrator (sold separately),1
Volume: 2,1
Intensity: 4,1
Product Video,1
Brand: Je Joue,1
Product Details,1
Material: Silicone,1
Color: Red,1
Warranty: 1 Year,1
Please Cream Lubricant,1
$1.00¬†- $20.00,1
Ooh What Happens In Vegas Pack by Je Joue,1
Ooh Her Name Is Rio Pack by Je Joue,1
Ooh Ibiza Vibes Pleasure Pack by Je Joue,1
SEX EDUCATION,1
How-To Sex Ed Articles,1
Ask Dr. Carol Queen - Sex Advice,1
Sexual Health Outreach Workshops S.H.O.W.,1
Antique Vibrator Museum,1
GiVe Donation Program,1
¬©-2019 Barnaby Ltd dba Good Vibrations,1
18 U.S.C. ¬ß2257 Recordkeeping Requirements Compliance Statement,1
Collin P. from Grandview Missouri just bought BURGUNDY TWO BUTTON SUIT ABOUT 5 SECONDS AGO,0
"Faith in Glendale, United States purchased a Choose Your Flavors 5 Bag Sample Pack (Whole Bean) about 1 hour ago",0
Sharmeen Atif From Karachi just bought Stylish Metal Glasses Frames For Kids-Assorted-NA7157,0
9 people are viewing this.,0
5338 people viewed this in the last hour,0
"Keith in Champaign, Illinois bought Mini USB Audio Cassette to MP3 Converterabout 56 minutes ago",0
Jamie from Eloy United States purchased a CBD Oil Vape Additives 4 Pack About 7 hours ago,0
"Someone in Kilwinning, United Kingdom just bought Cuban Link Chain Bracelet",0
"Chelsea in Burlington, Wisconsin bought Take Out The Boat Jumpsuit, Blackabout 13 minutes ago",0
"Crystal Li in Flushing, United States purchased a",0
üî• 2 people are looking right now,0
3 people bought this item last week.,0
31 people seeing this product right now,0
"Ken in Oakland, United States purchased a Dreamville Hoodie a month ago",0
19 people have viewed this item,0
Rebecca in Buffalo just bought Sateen Twill Swatchabout 1 hour ago,0
"Someone from Menlo Park, California just purchased Electric Skateboard Motor 6374 190KV.",0
2 people are looking at this listing now,0
4 sold in last 5 hours,0
72 Viewing This Product,0
"Mitchell H. Purchased a Dimplex IgniteXL 100"" Linear Built in Electric Fireplace",0
Favored By: 400 people!,0
"Annie in Cheras, Malaysia just bought: An Abundance of Flowers - Van-Go Paint-By-Number Kit",0
"Kamal in Lathrop, United States purchased a Father Sons Super Slim Stretch Feather Print Long Sleeve - FS429 4 hours ago",0
"Another babe in Alexandria, United States just ordered Flat Tummy Tea",0
Someone purchased a FORWARD REVIVE WOMEN'S RED WHITE HUSTLE T-SHIRT 32 minutes ago,0
Real time 30 Visitor right now,0
9 sold in last 4 hours,0
"Someone from Cape Town, Western Cape, South Africa just started buying Packable Travel Duffel Bag! 5 minutes ago",0
61 people have already bought that product today with 50% discount,0
"Sayeeganesh in Chennai, India just bought Dhoni the Finisher T-Shirt an hour ago",0
"1,446 people have viewed this item",0
218 people have added this item to cart,0
11 people have purchased this item,0
Someone from Norway purchased a Super FG Grater - 12x Faster - 15% OFF,0
38 people are viewing this,0
"Someone from Rochedale, Queensland, Australia started buying this!",0
39 recently purchased it,0
85 have it in their cart,0
"Leah Rich in Louisville, United States purchased a",0
"Someone in Madrid, Spain just bought",0
33 sold in last 12 hours.,0
78 Persons looking for this product,0
"Jim in Houston, USA purchased Pure Ratios: Hemp Oil CBD Patch (40mg CBD)",0
"Tyler in Norwalk, United States purchased a",0
"Someone in Ampang, Malaysia just bought",0
64 users bought this product Touch: The Set - Touch XL & TouchUp Makeup Mirror Bundle,0
"Sudha rana from Jaipur bought this product, 23 Mins ago.",0
404 Orders,0
Trending Style! Sold 4 times today,0
"Someone in San diego, United States just bought Gemfield Watch 15 days ago",0
"Alyssa in San Antonio, United States purchased a iTunes Japan Gift Card 10000 JPY about 35 minutes ago",0
"Someone in Paris, France just purchased a Kanpeki Knife Set",0
"3,081 people have viewed this item",0
166 people have added this item to cart,0
111 people have purchased this item,0
"James in Cashion, Oklahoma just bought Glossy Black Brick Geode / Amber Gradient Fast Lanes",0
7 people have it in their cart,0
1 person is viewing this,0
273 units sold in the last 30 days,0
"Marc in Newton, United States purchasedKTM Stand Plate Large KTM...",0
33 people are eyeing this item!,0
2 people are looking right now,0
"Monira in Doha, Qatar purchased a LilyVanity‚Ñ¢ Velvet Box",0
Theresa from Botkins just bought Panoply 14918 A-line Lace Formal Dress,0
"Jamie in Nashville, United States purchased",0
117 people have viewed this item in the last 7 days.,0
"Sabrina in Paraparaumu, New Zealand purchased a SCHO-KA-KOLA Schokakola energy Chocolate caffeine snack food MRE caffeinated ",0
3642 BOUGHT,0
"Mounif in Pittsburgh, United States purchased",0
2049 sold in the last 7 days,0
Someone in city just added Radiance - Nebulizing Diffuser¬Æ to their cart,0
1626 people seeing this product right now,0
"Rose in Portland, United States purchased Green Eco-Friendly iPhone XR Case about 54 minutes ago",0
In other users' carts 59,0
5 Viewing This Product,0
"Matthew in Charleston, South Carolina just purchased The Puffy Lux Mattress",0
Hayden near Princeton just bought!!!: CBD VEGAN GUMMIES,0
"Long Dress Style Beach Cover Up With Lace Detail Jessica in Metairie, United States",0
"Bobby in Decatur, United States just purchased",0
"Jessica in Orange, United States purchased a Black 1920s Sequin Maxi Flapper Dress 12 minutes ago",0
"2,221 people have purchased this item",0
"19,302 people have added this item to cart",0
"25,439 people have viewed this item",0
Popular item! üî• 27 people recently purchased this.,0
"BERNARD in Philadelphia, United States purchased a",0
Limited Edition Honeycomb Necklace (Bee Inspired) Someone purchased a Limited Edition Honeycomb Necklace (Bee Inspired),0
16 recently purchased it.,0
üî• 9 people are viewing this.,0
3 people are looking at this product,0
"Someone in Sasebo, Japan just bought",0
More than 752 users are adding shapewear to their cart. Is your size left?,0
17 people have added this item to cart,0
4 people have purchased this item,0
161 people have viewed this item,0
Someone in Egypt bought,0
"JOHN in Toowoomba City, Australia purchased a Resin Tank 7 hours ago",0
"1,142 people have added to cart recently",0
"6,743 people have viewed recently",0
"Sierra in Cypress, California bought Beauty In All Dress, Dusty Blue about 46 minutes ago",0
"Tristan in Markham, Canada purchased a Dragon Baseball Jersey",0
Popular Item! üî• 16 people are viewing this and 18 recently purchased it.,0
105 pawrents are buying for their furkids now!,0
339 users are currently active on our website,0
"William in Pago Pago, United States purchased a",0
"Oscar from Cajamarca, Peru purchased",0
"Debby in Harpers Ferry, United States just bought: Icing Pen Decorating Tool",0
"Someone in Tornado, United States just bought Fresh Melon Menthol 2 hours ago",0
"Someone in Arden Hills, United States purchased 120ml Young Napoleon | Best Strawberry Shortcake eJuice | Vaporham Lincoln eLiquid about 42 minutes ago",0
"Someone from Huntingtown, Maryland, United States purchased TopCoat¬Æ F11¬Æ Polish & Sealer - Web Special Kits Just Now",0
"Ken in Three Bridges, United States purchased All Zebrawood + Olive Ash",0
"tuvia eisenberg Systematics in Tel Aviv, Israel purchased a",0
"Someone in Alexandria, United States just bought TTDeye Queen Green Colored Contact Lenses",0
"Jeremy in Warroad, United States purchased a",0
1 person is looking at this item.,0
Get it fast! 14 added to bag today,0
"Samuel in Minneapolis, United States purchased a Pod Juice Jewel Mint Cool ‚ùÑÔ∏èNicotine Salt e-Liquid 15/30ml 7 hours ago",0
Someone in Canberra purchased\nADV.2 (Austracantha) about 41 minutes ago,0
30 people have purchased this item,0
Purchased 6 times this week.,0
17 people have viewed this wine today,0
24 people have purchased this wine today,0
"Jonathan in Syracuse, United States just bought Electric Skateboard Battery Pack 36V 10S2P 4 hours ago",0
8 customers have bought today,0
80 Customers are considering this product right now.,0
24 sold in last 24 hours.,0
21 people looked at this during the last 24 hours,0
"Someone in Byron Bay, NSW just bought",0
Someone in Faizabad just bought: Pretty Love Penis Sleeve 7 inch an hour 2 minutes ago,0
Bought by 39 people in last few hours! HOT SELLER!,0
23 People viewing this product,0
Someone in Keilor East bought a Piranta-Edge Skinning Knife - Blaze - Havalon Knives54 minutes ago,0
1 other customers have this item in their shopping cart,0
8 people are looking at this artwork,0
104 people viewed this product recently!,0
5 people are looking at this product right now,0
19 people viewed this product per day,0
6 other people looking at this item,0
"Edwin in Woodland Park, NJ just bought",0
65% of our customers added Surefit protection this year.,0
3 PEOPLE VIEWING,0
"Synne Kristine in Halden, bought Classic Bokksu Subscription (Billed Every 1 Month) (Ships every 1 Months) about 45 minutes ago",0
24 people currently interested,0
"Someone in Culgoa, Australia purchased Savelli Epic Mens Comfortable Leather Lace Up Boots Made In Brazil",0
3 people are looking at this item right now,0
"Someone in Saint Kilda, Victoria purchased Frank Queen Size Bed Base",0
DON'T LET 'EM GET AWAY Several people have recently viewed this item.,0
7 users have looked at this product in the past 6 minutes,0
"IBKUL Solid Mock Neck Half Zip Pullover purchased from Clinton, MD, US 1 minute ago",0
12 recently purchased it.,0
2 people are viewing this,0
Someone from Airdrie & 10820 others bought this item recently.,0
Someone in Yanchep bought a 52mm Mechanical 'Performance' Boost Gauge - Blue/White 9 seconds ago,0
THIS PRODUCT HAS BEEN VIEWED 480 TIMES IN THE LAST 48 HOURS,0
89 currently viewing,0
"Our most recent customers are from New Rochelle, Roseville, and Brooksville",0
HOT PRODUCT Over 250 people are looking at this item.,0
Other people want this. 10 people have this in their cart right now.,0
88 PEOPLE VIEWED ITEM IN THE LAST 24 HOURS,0
143 BOUGHT,0
"JULIE in Oak Brook, United States purchased a Watercolor Brush Pens 24 Refillable Colors with Travel Case about 10 hours ago",0
5338 people bought this,0
"Denise in Saluda, Virginia bought Terani Couture - 1911E9095 Embroidered Asymmetric Neck Mermaid Gown",0
"Mher from San Angelo, TX Recently made a purchase with Crossrope",0
"Son in Suisun City, United States purchased Commander Lex",0
31 have it in their cart,0
69 people are viewing this,0
"Rick in Columbia, United States purchased a",0
"Someone in DOVER, United States just bought Crew 15 mins ago",0
James from Colonia purchased a,0
Someone in New Lynn bought a Kogan A1 Earphones with Inline Control for IOS/Android 1 hour ago.,0
146 people recently purchased this.,0
"estiven in Deer Park, United States purchased PreWash‚Ñ¢ 4 oz",0
9 people are currently viewing this product,0
"Michael M. from Lacey, WA just bought a Cal King",0
1 people bought Jotter To Do Refill in the last few hours,0
308 viewed per day,0
7 sold in last 24 hours,0
2 viewed per hour,0
"Jeremy in Stockton, United States purchased a",0
57 PEOPLE HAVE LOOKED AT THIS TODAY,0
This is in 5 other carts.,0
Purchased 8 times in the last few days.,0
6 people have looked at this in the last few hrs.,0
"Joe M from , Bought a Cartoon Caterpillar Rigged 3D Model Recently",0
Someone in Bacchus Marsh bought a Noosa Basics Deodorant Stick - Sensitive (60g) 27 seconds ago,0
"Stacey in Saint Marys, United States purchased Extra Long (10 Ft) Fiber Cloth Sync & Charge USB Android Cable - Assorted Colors about 30 minutes ago",0
"mark in richmond hill, United States purchased a Fugoo Tough 11 minutes ago",0
93 PEOPLE HAVE BOUGHT THIS PRODUCT TODAY,0
7 sold in the last 48 hours,0
210+ bought,0
"Someone in Chambersburg, Pennsylvania purchased",0
99 people are looking at this right now,0
11 people viewed this today!,0
Last purchase was 18 minutes ago by someone from Dublin,0
Chirag in Anoopshahr just got the JAYS - a-JAYS One+ about 17 minutes ago,0
Cheryl in Ontario bought 100% Organic Reishi Mushroom Powder 100g about 16 minutes ago,0
Viewed 1040 times in the last 7 days,0
Hurry up! 6 people other than you have this product in their cart,0
Hurry up! 22 people other than you have this product in their cart,0
Someone in Louisville Kentucky United States Purchased Gold Presidential Bracelet With Watch Buckle 9 hours ago,0
8 people have viewed this product today!,0
Don't miss out! We've sold 38 in the last few days.,0
52 people are looking at this right now.,0
#6 Bestseller in Rugs This item was viewed 92 times in the last day.,0
Over 38 bought,0
"Someone in Flemington, United States purchased Anti-Aging Eyelid Tape (Contains 100 Strips) Just now",0
OH SO POPULAR! 21 bought in the last 7 days.,0
"Ida in Tangerang Selatan, Indonesia purchased Iseya VG10 G-Series 33 layer Damascus Japanese Chef's Santoku Knife , 180mm about 1 hour ago",0
156 sold in last 24 hours,0
RECENTLY VIEWED 2 others viewed this in the last few hours,0
40 users are currently active on our website just now.,0
45 ADDED TO BAG IN THE PAST 24 HOURS,0
7 people looked at this product in the last 24 hours.,0
Someone bought: HYPE BLUE LARGE SPLAT KIDS LEGGINGS,0
üî•üëÅÔ∏è 1 person is viewing this.,0
"Awhi from Hicks Bay, Gisborne, New Zealand just bought",0
251 people are viewing this right now,0
"Someone in Cedarhurst, United States purchased a Sproet and Sprout Shell/Violet Stripe Bloomers",0
Someone in Castle Hill bought a Philips Essential LED Downlight Kit | 5W 4000K few hours ago.,0
"Someone in Joliet, Illinois purchased a Yocan Evolve Plus XL Vaporizer",0
127 People viewed this product this week,0
2 people have looked at this in the last couple of hrs.,0
Someone in United States just purchased a,0
Trending now! Added to basket 490 times today,0
Trending now! Added to basket 38 times today,0
"Jacob in Seymour, Wisconsin, United States purchased a Bass XL just now!",0
IN 43 PEOPLE'S SHOPPING BAG,0
MOST POPULAR,0
660 people have viewed today,0
113 people have viewed in the last 24hrs,0
407 customers have viewed this item recently,0
Fast Mover: 35 PEOPLE added this to cart today!,0
"Someone from Portland, United States (US) purchased MODALERT recently.",0
22 people have looked at this part recently,0
"Someone from South Gate, California just purchased the Admiral JR / Spektrum Servo Connector Plug Set (Male and Female - 2 Pairs)",0
Someone in Red Cliffs bought a RHK Yamaha YZ/YZF/WRF 99-16 Blue Pursuit Footpegs 3 minutes ago,0
This product was viewed 26 seconds ago by someone from Princeton,0
"Laurie in Urraween, Queensland bought No Brainer USB Charging Anti-Theft Backpack",0
"Carol in St. Louis, Missouri bought Original USB Charging Anti-Theft Backpack",0
8 people have this in their bag right now.,0
Purchased 100+ times in the last few days.,0
Someone in Pittsworth bought a Ultimate COLT Anal Training Kit 2 hours ago,0
"Carl F. from Fort Ann, NY bought a King",0
1 people are viewing this currently,0
92 customers bought this in the last 48 hours,0
62 people have looked at this item in the last few hours.,0
13 people have added this to their cart,0
"GRACE from ORLANDO, United States bought Camouflage Jumpsuit 31 minutes ago          ",0
"Someone in Vancouver, Washington purchased a Orthofeet Men's Orthotic Insoles about 38 minutes",0
Leslie in USA just Purchased Special Design Exclusive Handmade Silver Ring,0
135 people have this in their cart,0
Add to Wish List(13 People Have Added),0
77 PEOPLE LIKE THIS,0
43 added to bag in the last 48hrs,0
"Shopper from Saint John, NB viewed Lenovo ThinkCentre M710t 10M9000RUS Desktop Computer 3 minutes ago!",0
Over 200 views in 24 hrs,0
227 Bought Already,0
POPULAR 62 others checked this out in the last few hours.,0
POPULAR 64 others checked this out in the last few hours.,0
"Isra√´l in Metz, France purchased a More ADVANCED Chord Substitutions",0
"Someone in Cashmere bought a 
RCM Cosworth Timing Belt Kit 99-02MY EJ20/22/251 hour ago",0
Viewed 744 times today,0
"2,229 people have viewed this item",0
715 people have added this item to cart,0
71 people have purchased this item,0
12 customers viewed this product today!,0
"Nancy in Pennsylvania purchased 24"" Italian Sterling Silver Milano Twist Adjustable Chain",0
"Armin Dinovic bought 10M Runescape 3 Gold Order total: 3,70‚Ç¨ About 10 seconds ago",0
"Trey in Columbia, United States purchased Leather Cord Capsule",0
"Abbie in Calwell, Australia purchased Shark Bite Socks about 1 hour ago",0
6 customers have this in their basket,0
7 customers have this in their basket,0
Someone in Boling Iago Texas United States Purchased Seek Discomfort Sketch White iPhone Case 5 hours ago,0
Selling fast! Add to bag 7 times in the last 48 hours.,0
228 People Have Viewed This Product Recently!,0
"Sandeep in Hawthorne, California bought Sadie Ponte Pants - Black Just Now",0
jennifer just bought Rainbow Moonstone Healing Heartabout 6 hours ago,0
3 other people are currently viewing this item.,0
"Someone in Petaling Jaya, Malaysia just bought SNEAKERGUARD Midsole Paint Marker - BOOST White",0
"Oliver in Rotterdam, Netherlands purchased a England Away Soccer Shorts 2018 About 9 hours ago",0
"Michael in Pontiac, United States purchased a  ",0
Other 2 customers have it in their cart.,0
"Trey in Sparta, United States purchased Stealth Angel Ultra Lightweight & Portable Sleeping Bag about 45 minutes ago",0
1044 sold in past 12 months,0
2 customers recently bought it,0
"Tambria in Hattiesburg just bought Peruvian Virgin Natural Wave Hair 3 Bundles with Lace Frontal, 100% Human Virgin Hair ",0
2 PEOPLE HAVE ADDED THIS ITEM TO THEIR CART TODAY,0
One customer bought this article in the last 53 min.,0
Someone in Mount Louisa bought a Coleman Folding Table & Bench Set 2 minutes ago,0
2+ people just viewed this product,0
Over 238 people have bought this product,0
994 items sold this hour.,0
Sara from Philadelphia just saved $68 on her order.,0
52 people have added this product to bag in the last 72 hours,0
"Natalie in Graham, United States purchased a FREE BTS Answer Magic Pillow about 1 hour ago",0
Someone from purchased a HOLEES Original Ladies II - Navy About 9 hours ago,0
4 bought in the last 24 hours.,0
Someone in Spain purchased,0
137 users are currently active on our website,0
4 people are looking at this right now.,0
Last purchased at 11:19am today.,0
41 people have looked at this in the last couple of hours,0
"Someone from Osijek, Croatia just bought TMC CP Style Single Pistol Pouch",0
"Ashley in Auburn, United States purchased a Check Plz iPhone X/Xs Case about 24 minutes ago",0
6 others have already bought this deal today!,0
232 people are viewing this offer!,0
"Someone in Shelby twp, United States just bought Galaxy Note 8 10000mAh ZeroShock Battery Case 3 days ago",0
Someone added 1pc 4ocean natural stone beads beaded bracelet men boho handmade to their cart RIGHT NOW,0
436 users are currently active on our website Just now,0
39 people have this in their cart,0
"50% OFF Everything (yep, even sale) + $5.99 Shipping* ENDS IN 12h 13m 56s",0
Your order is reserved for 09:45 minutes!,0
11 11 Hours: 00 22 Minutes: 3223 3223 Seconds Sale Ends Once The Timer Hits Zero!,0
Your order is reserved for 08:48 minutes!,0
HURRY! EXCLUSIVE DEAL FOR YOU! 1 4 : 4 5,0
00DAYS02HRS14MINS1211SEC,0
"Due To HIGH Demand, Cart Expires In: 08:41",0
Hurry up! Prices increase in 0 DAYS 11 HRS 59 MINS 55 SECS,0
Cart will expire in 04:53 minutes!,0
Your order is reserved for 09:35 minutes!,0
00DAYS00HOURS14MINUTES21SECONDS,0
Your order is reserved for 09:14 minutes! ,0
0 DAYS22 HOURS13 MINUTES21 SECONDS ,0
Today's sale ends in: 00hours:57min:19sec,0
Hurry up! Sale Ends in,0
Your cart is reserved for 09:35 minutes.,0
0 Days 2 Hours 57 Minutes 53 Seconds,0
Your order is reserved for 09:54 minutes!,0
Your cart is reserved for 14:57 minutes!,0
Your order is reserved for 09:57 minutes!,0
00 Days 02 Hrs 26 Mins 12 Sec Sale Ends Once The Timer Hits Zero!,0
Activate within 0:30:00,0
00DAYS07HOURS09MINUTES39SECONDS,0
FREE NECKLACE FOR MOM 01Days 01Hrs 35Mins 02Secs,0
Hurry up! Discount Ends in DAYS HRS MINS SECS,0
EXTRA -30% OFF WITH CODE: EXTRA30 Ends in: 0 0 0 0 days 0 0 4 4 hours . 0 0 9 9 min . 2 2 8 8 sec,0
Your order is reserved for 09:56 minutes!,0
Cart will expire in 08:19 minutes!,0
SAVE $200 OFF PUFFY,0
11 11 Hours: 00 22 Minutes: 3223 3223 Seconds,0
00DAYS00HOURS47MINUTES36SECONDS SALE ENDS ONCE COUNTER HITS ZERO,0
01 Hours 37 Minutes 48 Seconds 1/10s,0
13:09:27 HOURS MINUTES SECONDS Sale Ends Once The Timer Hits Zero!,0
00Days17Hours12Mins13Secs,0
Your order is reserved for 29:52 minutes!,0
Hurry! This special sale ends in 2h 42m 0s,0
Enter your email VIEW MY CODE OFFER EXPIRES IN: 0 minutes 00 seconds EXTRA 10% OFF,0
YOUR CART IS ELIGIBLE FOR AN ADDITIONAL 10% OFF Including Current Promotions + Sale & Clearance 00 hours :29 minutes :26 seconds CHECK OUT NOW,0
"Save 25% on your entire order 09 Hours 57 Minutes 34Seconds use code: SPRING25""",0
Your order is reserved for 08:53 minutes!,0
Sale ending in 0 days 04 hours 12 minutes 10 seconds,0
Your order is reserved for 19:57 minutes.,0
00 DAYS 00 HOURS 29 MINUTES 26 SECONDS,0
Discount pending $10 OFF 00:30:00,0
Your order will be reserved for 6:56 minutes.,0
02:06:40 left to buy,0
Special sale ends in,0
0011Days:0088Hours:4411Minutes:21125445Seconds,0
FLASH 19:15:22,0
02 DAYS :23 HOURS :00 MINS :54 SECS,0
Please Order Within: 0 0 : 0 2 : 4 1 : 10 65,0
Explosive Offers! 80% Off Everything 07:25:41,0
Hurry up! Sales Ends in DAYS HRS MINS SECS by Beeketing ,0
Your order is prioritized for 13:22 minutes!,0
LIMITED TIME LEFT! 00 : 46 : 11,0
00 HRS 57 MINS 56 SECS,0
2 DAYS 13:06:13,0
Sale Ends in 5 days 14 hours 42 mins 53 sec,0
"Hurry! Sale Ends In:

02:59:50",0
Spring Sale Extended,0
ENDS IN - Flash Offer - TWO PAIRS OF SHOES FOR $319 PROMO CODE AUTO-APPLIED AT CHECKOUT! 0 Days : 16 Hours : 09 Minutes : 57 Seconds,0
2day 13:49:51 Left,0
Days left until the offer ends: 00 Days 04:43:35,0
Your cart is reserved for 14:05 minutes!,0
"SALE ENDS IN 19 DAYS, 9 HOURS, 50 MINUTES, 54 SECONDS",0
Your one-time offer! Enjoy 10% off sitewide. Applied at checkout Offer ends in: 04 hrs 37 min 56 sec,0
Checkout within 04:10 so we don't run out of stock!,0
Deal expires in: 03 hrs 25 mins 22 sec,0
1day21:04:58,0
-90% discount if you order within 9:55:44,0
OFFER EXPIRES IN: YES NO Want 10% Off Your First Order? 7 minutes 35 seconds,0
Order in 13:16 to get $200 off your mattress,0
60% OFF ENDS IN DAYS HOURS MINUTES SECONDS,0
00:15:07:45,0
BE QUICK 00:57:33 DON'T MISS OUT,0
VIP OFFERS END 00:54:59,0
Offer ends in 15hrs 1min 56sec!,0
3Days01:49:51 Left,0
Your order is reserved for 09:58 minutes!,0
activate within 10:00,0
Your Cart Will Expire In 09:58 minutes!Please note that these items may not be available again if you release them.,0
0:44:56,0
Hurry Up ! Time is running out,0
Hurry! Sale ends in:,0
4 days 05:46:20,0
Complete your purchase within the next 12:18 minutes and receive 10% off,0
HAUTELOOK 04:53,0
Offer ends 0Hours:04Minutes:46Seconds,0
25% OFF* ENDS IN 00 : 12 : 27 : 15 DAYS HRS. MIN. SEC.,0
3DAYS124606,0
Items will be reserved in your cart for 19:10,0
OFFER ENDS IN: 00:32:04 TIME IS RUNNING OUT!,0
Offer ends in,0
You left 2 items in your bag Released in: 29 minutes :07 seconds,0
Wait! YOUR CART QUALIFIES FOR 15% OFF YOUR ENTIRE ORDER. Offer Expires in: 2955,0
Deal Ends In 2 : DAYS13 : HRS10 : MIN24 SEC,0
Flash Sale ends in SHOP NOW  ,0
DEAL ENDS IN 40:55:13,0
Offer ends in 9hrs 55min 29sec!,0
HURRY! DON'T MISS THIS DEAL! DAYS 0 1 HRS 1 2 MINS 3 1 SECONDS,0
Your order is reserved for 07:28 minutes!,0
Order in 14:53 to get 2 pillows for free,0
HURRY! ENDS IN: 10 HRS 40 MIN 00 SEC,0
Flash Sale - Almost Over! 00 HOURS : 55 1001 MINUTES : 0550 8778 SECONDS,0
LAST CHANCE - UP TO 70% OFF - ENDS IN: 20 HRS 28 MINS 30 SECS,0
1DAYS 04 HOURS 17 MINUTES 18 SECONDS,0
HURRY! YOUR 10% OFF EXPIRES IN 29:43,0
Offer ends in 03 days 19 hours : 54 mins : 22 secs,0
35% OFF EVERYTHING* EXCL SALE & BEAUTY ENTER: DOLL35 - HURRY! ENDS IN  16H 59M 06S,0
"HURRY, ORDER WITHIN 16h 59m 06s TO GET 35% OFF EVERYTHING* EXCL SALE & BEAUTY ENTER: DOLL35",0
LAST CHANCE TO SAVE... enter your email to Save 20% on your first order 00 hours :29 minutes :43 seconds,0
DAYS HRS MINS SECS,0
OFFER ENDS 00:54:59,0
HURRY! ENDS IN: 11 HRS 20 MIN 13 SEC,0
Your order has been reserved for,0
"Ends in 1 Days, 4 Minutes, 44 Seconds",0
OFFER ENDS: 09h: 09m: 55s: 0 ,0
HURRY UP > 09H 42M 39S,0
Your order is reserved for 09:43 minutes!,0
Items reserved for 15:00,0
Get 20% off Sample Doors! √óOffer Ends In 58 : 29 Use Promo Code sample20off,0
Massive Tax Time Sale See Discounts! Sale ends in,0
1 day 08:15:25,0
SAVE 10% On All Orders. No Voucher Code Needed Expires in 18:07:59.,0
"UP TO 60% OFF SPRING SALE PLUS 10% OFF ALL SHOWERS ENTER CODE SHOWERS10 AT CHECKOUT, MUST END TUESDAY 02DAYS  :  04HOURS  :  13MINS  :  28SECS",0
"Hurry, Limited Time Offer! 11:25",0
Time remaining: 04:50,0
Price Guaranteed For DAYS/HRS/MINS/SECS,0
"Hurry, Sale ends in 9 Hours!",0
Selling fast!,0
"An item you ordered is in high demand. No worries, we have reserved your order.",0
Will sell out fast!,0
Strong demand! Complete your order before it's too late!,0
Items in your cart are in VERY high-demand.,0
Items in your cart are in high demand.,0
Extremely high demand: expect 2-4 weeks for it to arrive (to be safe). Limit 4 per person!,0
High demand,0
HIGH DEMAND,0
"An item you ordered is in high demand. No worries, we have prioritized your order.",0
This item is in high demand.,0
"Sorry, this is out of stock. You just missed it.",0
Items in your cart are selling fast,0
Items in your cart are in high demand. But we have reserved your order.,0
"ONCE IT'S GONE, IT'S GONE",0
SELLING FAST! GET 10% OFF THIS ITEM. ACTIVATE NOW.,0
"Items in your cart are in high demand, but we have reserved your order.",0
"Our items sell fast, don't miss out!",0
AN ITEM IN YOUR CART IS SELLING OUT QUICKLY,0
IN HIGH DEMAND!,0
"Hurry, this style is selling fast!",0
In demand,0
Selling Fast,0
LIMITED OFFER: $125 Off + 2 Free Pillows,0
Sale ends soon,0
* Limited Time Offer *\nFREE\nTLPWR1 Test Leads!,0
"Here for a limited time. 4.5"" Red Bottle Sticker w/ Adam's Logo",0
LIMITED TIME BLOW OUT SALE UP TO 70% OFF! 110% BEST PRICE GUARANTEE!,0
FREE SHIPPING FOR A LIMITED TIME | PRICES ARE IN USD AND INCLUDE ALL IMPORT DUTIES.,0
"Flash Sale Alert! You can now buy Utorch Corridor Porch Aisle Lights from Gearbest.com for only $7.99 (47% off). Hurry up, limited time offer!",0
Limited Time Offer,0
Limited time offer,0
"LIMITED TIME - BUY THE NEW PURPLE PLUSH PILLOW, GET ONE FREE",0
"Now 30% off - hurry, limited time offer!",0
LIMITED TIME DEAL!,0
Wait! Take 10% off Your First Order Deal Expires Soon!,0
LIMITED TIME SALE,0
ONLY AVAILABLE FOR A LIMITED TIME,0
50% OFF for Limited Time Only!!!,0
"Only available for a LIMITED TIME, so get yours TODAY!",0
LIMITED TIME OFFER! FREE SHIPPING OVER $99 + FREE RETURNS*,0
Ends Sunday! $200 off any mattress . free shipping & free returns!,0
Act now and save $12.99. Limited time only!,0
"For a limited time, buy 2 Hydroxycut Hardcore Elite, 30 Servings for $30!",0
(LIMITED TIME OFFER) TORSION GUN HOLSTER SUPER COMBO,0
ON SALE AT $1.99 FOR A LIMITED TIME,0
LIMITED TIME: FREE SHIPPING LOWERED TO ORDERS OVER $69.95!,0
"LIMITED TIME OFFER 10% OFF - ENTER CODE \""CASES\"" AT CHECKOUT",0
Sale ends soon:,0
FOR A LIMITED TIME ONLY,0
Limited Time Promo $194.00,0
Limited Time Offer!,0
LIMITED TIME ONLY: FREE SHIPPING TO SELECT COUNTRIES ON ORDERS OVER $100!,0
Limited Time,0
$69.50 For A Limited Time Details,0
FLASH SALE | LIMITED TIME ONLY Shop Now,0
Limited Time Sale - Buy Now!,0
LIMITED TIME: $10 OFF! DISCOUNT REFLECTED IN PRICE!,0
SLEEP EVENT OFFERS - LIMITED TIME ONLY,0
Limited Time: $10 Off! Discount Reflected In Price!,0
Full HD 144Hz IPS Anti-Glare (1920 x 1080) FREE Upgrade (Limited time offer!),0
On Sale! Limited Time Offer!,0
FREE SHIPPING // FOR A LIMITED TIME ONLY,0
Limited Time Offers,0
Limited time remaining!,0
Limited Time Remaining!,0
Limited time - final price reflects extra 29% off,0
LIMITED TIME! - Save $5 OFF Orders $70+ Coupon: SAVE5 - PLUS - Free Gift on Orders $125+,0
LIMITED TIME ONLY!,0
LIMITED TIME ONLY,0
Free Shipping On Orders Over $49* - Limited Time Only,0
HURRY! ¬£32.99 UK DELIVERY ENDS SOON,0
"$3,159.20 $3,949.00 Limited time only",0
Limited Time Only - Up to 30% OFF Freshwater Plants! SHOP NOW >,0
Limited Time Offer: 10% Off your first order!,0
FRAMON #2 Code Machine Offer - Limited time offer!,0
STOCK IS GUARANTEED FOR 60 MINUTES,0
"Hurry, before it is gone! Limited time remaining!",0
ON SALE: Select Seasonal T-Shirts only $19.99! Limited time only! Save Now!,0
LIMITED TIME OFFER!,0
LIMITED TIME ONLY *on select models,0
Limited Time Offer Limited Offer! 15% off on Naomi Home with Coupon 9N03. You pay $63.74,0
Limited Time!,0
Free Shipping. Limited Time Only. for orders over $50,0
Limited time - Free Shipping on all orders*,0
25% OFF SELECTED JACKETS Limited Time,0
40% OFF EVERYTHING* ENTER: 40PLT + FREE SHIPPING OVER $80 HURRY! LIMITED TIME ONLY,0
40% OFF EVERYTHING* ENTER: 40PLT + FREE SHIPPING ON ALL ORDERS OVER $80 ,0
SAVE $300.00\nfor limited time,0
"Now 20% off, hurry limited time offer!",0
Site Wide Savings for the Entire Family! Pricing is off Rogan's Shoes every day Low Prices! Prices are already reflected on the site. Limited time only! Restrictions apply. Online Only.,0
LIMITED TIME OFFER MEN'S CHINOS & 5-POCKET PANTS BUY 2 FOR $59.90 EACH SHOP NOW,0
Limited time offer.,0
Hot Offer. Limited Time,0
LIMITED TIME OFFER,0
LAYAWAY SALE WE WILL MATCH YOUR INITIAL PAYMENT. LIMITED TIME ONLY,0
"Limited time only: FREE SHIPPING on all orders, no minimum required!",0
20% OFF VALENTINE\u2019S DAY FAVOURITES * | LIMITED TIME ONLY,0
Limited Time Only ¬∑ Online Only,0
LIMITED TIME ONLY 10 OFF 50 SPEND NEW CUSTOMERS ONLY - TERMS & CONDITIONS APPLY,0
Limited Time Only! 20% Off,0
"Free Upgrade, Limited Time!\n*DISH Install Not Available*",0
"Rs 4,013 (Retail Discount) + Rs 2,997 (Limited Time Coupon)",0
SAVE TODAY: Save 20% on lighting by Le Klint. Limited time only.,0
Only 2 units left in stock,0
Low Stock ‚Äì Selling Fast,0
Only 1 left in stock,0
Limited Stock,0
ONLY 4 LEFT IN STOCK,0
Only 1 left,0
4 items left,0
Only 2 left in stock,0
Low In Stock Today,0
ONLY 3 LEFT IN STOCK.,0
Only 9 items left!,0
Only 4 left in stock,0
"894 Claimed! Hurry, only a few left!",0
Only 1 unit left in stock,0
ONLY 1 LEFT! GET IT NOW!,0
We have 1 left in stock,0
Only 1 left!,0
Only 15 left in stock,0
Only 8 left in stock,0
Only 3 left in stock,0
Only 14 left in stock,0
Only 1 items left,0
89% offers claimed. Hurry up!,0
ONLY 4 LEFT!,0
HURRY! ONLY 19 LEFT IN STOCK.,0
"Order now, only 2 left in stock!",0
70% offers claimed. Hurry up!,0
Low in stock: only 1 left.,0
96 ITEM(S) LEFT IN STOCK!,0
2 left in stock,0
"Hurry, only 3 left!",0
Only 1 left in stock!,0
Less than 10 left in stock,0
Availability: Low in stock today,0
Limited Quantity,0
Limited stock!,0
HURRY! Only a few left in stock!,0
80% offers claimed. Hurry up!,0
Only 11 left!,0
Only 14 left!,0
Pre-order 3 left,0
Only 6 left,0
Only 32 left in stock,0
Only few items left in stock,0
Only 2 left,0
ONLY 1 LEFT IN STOCK!,0
Only 2 units left!,0
ONLY 7 LEFT!,0
Only 1 Left in this Size!,0
There is only one product left!,0
Limited Stock!,0
Only 69 left!,0
HURRY! ONLY 2 LEFT IN STOCK!,0
83% offers claimed. Hurry up!,0
Only 1 left In Stock,0
Only 8 left,0
Only 4 left at this price,0
90% offers claimed. Hurry up!,0
Only 1 Left in Stock!,0
Only 4 copies left,0
Status:Only 3 left in stock,0
87% offers claimed. Hurry up!,0
9 items left,0
6 items left! Order soon.,0
HURRY ONLY 9 LEFT IN STOCK!,0
Only 1 left in stock - Order soon,0
*Only 2 left in stock. Don't miss out!,0
Only 3 left!,0
Only one item left in stock!,0
Only 1 item left,0
Only 8 items left in stock!,0
Only 82 left in stock!,0
Only 1 left in stock! Get in quick!,0
LESS THAN 5 LEFT!,0
1 LEFT,0
3 items left,0
Only 1 Left,0
Only 9 Left!,0
Only 14 left,0
1 left at this price,0
23% left in stock!,0
Only 5 left in stock,0
Only 3 left,0
Only 2 left!,0
Only 1 Left!,0
Only 34 Left!,0
LOW IN STOCK!! GET YOURS NOW,0
74% offers claimed. Hurry up!,0
1 LEFT IN THIS SIZE,0
ONLY 3 LEFT! GET IT NOW!,0
1 item left,0
Please note all products are made in limited quantities and we rarely restock - checkout now so you don't miss out!,0
"Hurry, only 1 left!",0
Hurry! Only 2 left,0
"HURRY, THERE ARE ONLY 9 ITEM(S) LEFT!",0
Hurry! Only 1 left in stock,0
Only 1 left in online stock,0
Only 1 left in stock.,0
"Size low on stock, only 1 item left",0
Only 8 left!,0
Hurry! Only 2 left at this price!,0
ONLY 52 items left in stock!,0
Over 500 left in stock,0
Hurry only 8 items left!,0
72% offers claimed. Hurry up!,0
Only 1 Left !,0
Only 1 items left in stock!,0
Only 2 Left,0
LIVE REMAINING STOCK,0
HURRY! LESS THAN 129 LEFT.,0
"Hurry, only a few left!",0
Only 9 left in stock,0
Only 1 left.,0
Only 7 in Stock!,0
"Don't miss out, only 2 left in stock",0
only 2 left in stock,0
Limited Quantity Available,0
Hurry! Only 3 Left In Stock.,0
Hurry up! Only 11 items left,0
Only 3 Left!,0
ONLY 1 LEFT,0
Only 2 stock available,0
ONLY 2 LEFT IN STOCK!,0
5 items left,0
"Hurry, only 2 left in stock!",0
Hurry! Only a few of these left,0
Hurry Up! Only 1 Piece Left,0
Hurry only 1 left!,0
Only 1 Item(s) left,0
1 left in stock,0
Only 33 left,0
ONLY 5 LEFT IN STOCK,0
ONLY 1 LEFT IN THIS SIZE,0
ONLY 5 LEFT,0
Only 3 Left in Stock!,0
(Only 5 Left),0
Only 3 left in stock!,0
Last 1 in stock,0
Only 16531 items left in stock!,0
only 5 left,0
ONLY 8 LEFT,0
Only 498 left,0
only 1 in stock,0
WARNING! Only 5 left in stock!,0
Only 7 left,0
Only 3 left in stock.,0
Don't miss out on this item! There is only 1 left in stock.,0
Only 5 item(s) left.,0
Only 1 Item Left!,0
Only 1 item left!,0
Only 5 left,0
3 left in stock,0
ONLY 5 LEFT IN STOCK!,0
"Only 1 left , In Stock",0
"HURRY, ONLY 1 LEFT!",0
ONLY 3 LEFT,0
"1 left, order now!",0
18 In Stock,0
3 left,0
Only 3 left In Stock,0
JUST 1 LEFT!,0
LESS THAN 8 LEFT IN STOCK!,0
Only 4 left,0
"Hurry, Only 4 Left In Stock. Buy Now!",0
Availability: Low Stock,0
Availability: Only 1 Left,0
"Only 2 left, order soon",0
"Only 3 left, order soon",0
Only 2 items left,0
Only 7 left!,0
only 5 left in stock!,0
Warning: Last items in stock!,0
Fewer than 5 left!,0
Hurry! Only 15 left!,0
"Don't snooze, only 1 left",0
Hurry! Only 2 left!,0
Hurry! Only 7 left,0
Only 2 left.,0
Limited quantity available,0
Limited quantity remaining,0
Last one available,0
Only 1 products left,0
"In stock, only 1 products left",0
Limited quantity! ,0
HURRY! 3 left in stock!,0
(Only 1 left!),0
ONLY 3 LEFT IN STOCK!,0
Only 8 item(s) left,0
Stock Low : 6 items left.,0
Only 5 Left,0
"In Stock, Only 1 Left!",0
In stock | 44 left,0
Only 9 left!,0
Only 9 units left in stock online.,0
Hurry! Almost Sold Out...,0
Only 1 left in Stock,0
limited availability at this price!,0
only 7 pieces left,0
Only 4 left in this size!,0
"Hurry, Only a few left!",0
Hurry! Only 1 Pair left!,0
Hurry! Limited Quantity Available.,0
Less than 6 items left,0
Low Stock,0
ONLY 2 LEFT,0
Hurry! Only Limited Items Left,0
Last chance! Only 1 left,0
"Only 5 left , In Stock",0
Only 1 in stock,0
LAST 1 LEFT,0
167 piece(s) left for this promo,0
Only 8 item(s) left.,0
ONLY 4 LEFT,0
ONLY 1 LEFT IN STOCK,0
Only 9 left,0
Only a few left,0
In Stock (8) Left,0
8 items left,0
"LOW IN STOCK, only 2 left",0
1 left in stock. Hurry!,0
20 units left,0
only 2 left!,0
ONLY 1 REMAINING,0
(5 Left),0
ONLY 1 LEFT!,0
Hurry only 2 left,0
Only 8 Left!,0
Availability: Low Stock 4 Remaining,0
Low Stock! Only 3 left.,0
Hurry! Only 6 left in stock,0
Low Stock Alert: Only 8 left in inventory,0
LOW STOCK: Only 1 left.,0
Only A Few Left,0
ONLY A FEW LEFT IN STOCK,0
Only 2 Left In Stock,0
ONLY A FEW LEFT,0
Only 7 left in stock.,0
Only 4 items left in stock.,0
Only 5 Left in Stock. Buy Soon!,0
ONLY 12.5M LEFT IN STOCK!,0
Only 2 items left in stock.,0
2 LEFT,0
Only 3 left.,0
Only a few more left!,0
Only 6 items left,0
Hurry! Only 2 left in stock!,0
2 items left,0
Limited Availability,0
We only have 8.0000 left in Stock,0
Only 1 left in stock! Order soon!,0
Only 2 left in stock!,0
Only 7 left in stock!,0
QUICK! ONLY 1 LEFT IN STOCK,0
Going Fast: Limited Quantities Left!,0
In Stock - Limited Quantity,0
Only 25 Deals left,0
1 in stock,0
Currently less than 10 available,0
Only 1 piece left.,0
Hurry! Only 1 left!,0
Almost Sold Out! Only 2 Left.,0
"ONLY 5 LEFT, ORDER SOON!",0
Only 9 Left.,0
Hurry! Only 1 Left In Stock,0
Only 867 left,0
10 Left in stock,0
Hurry! 1 items left!,0
LOW STOCK (ONLY 10 LEFT!),0
10 Left,0
ONLY 1 ITEM LEFT!,0
Only 13 left!,0
only 5 left in stock,0
2 in stock,0
Only 11 Left In Stock,0
Only 3 pieces in stock!,0
Less than 10 left!,0
Less than 7 left!,0
3 LEFT,0
Only 2 copies left,0
Only 4 left!,0
Only 20 left,0
Only 5 left!,0
5 LEFT,0
5 left,0
"Hurry, limited quantities left!",0
ONLY 1 ITEM LEFT,0
"Hurry, only 302 left.",0
Low in stock: only 2 left.,0
ONLY 5 LEFT!,0
Hurry! Only 6 left in stock!,0
Only 2 left in stock. Make it yours.,0
Currently 8 left in stock.,0
Hurry! Only 2 Left,0
Only a few left of this product!,0
Only 16 Left in Stock!,0
HURRY! ONLY 2 LEFT!,0
Only 8 left in stock. Almost Gone!,0
"Hurry, only 1 left in stock!",0
Only 3 Left In Stock,0
Only one left in stock - order soon!,0
This size has only 1 left in stock,0
Only 2 Left in Stock,0
"HURRY, LOW IN STOCK!",0
HURRY ONLY 1 ITEM LEFT!,0
Only 1.75 yards left in stock!,0
Availability: Only 4 Left!,0
Low in stock,0
Only 5 pcs left!,0
Only 4 Left!,0
"ONLY 5 LEFT, HURRY!",0
QUANTITY: *ONLY 1 LEFT,0
Only 3 available,0
"Only 3 left , In Stock",0
(Only 1 Left),0
1 Left,0
only 2 left,0
4 SEATS LEFT,0
10 SEATS LEFT,0
Hurry! Only 2 left in stock,0
ONLY 9 LEFT,0
Only 3 Left,0
Only 26 Left,0
Only 3 Left! Get it before it`s gone!,0
ONLY 20 LEFT IN STOCK,0
94% offers claimed. Hurry up!,0
Only a few left!,0
"Hurry, only 2 left in stock",0
Clearance! Only 4 left in stock.,0
"Available, only 2 left",0
In Stock. Only 1 Left!,0
In Stock Only 5 left!,0
Limited-time Deal,0
2 left,0
Only 4 unit(s) available!,0
"Hurry, only 5 left",0
LIMITED QUANTITY,0
Last 1 left,0
Low Stock Only 2 left,0
7 left in stock,0
HURRY! ONLY 1 IN STOCK!,0
Availability: 5 items left,0
Hurry! Less than 10 left!,0
Only 10 left in stock,0
3 Left,0
Almost gone! Only 3 left In Stock,0
In Stock only 3 left,0
Sellout risk:,0
Only 22 left in stock!,0
Only: 9 in stock now,0
ONLY 1 WATCH LEFT,0
Only 1 item(s) left in stock,0
Only 1 left in Stock!,0
Only 65 Items Left.,0
Only 4 left In Stock,0
3 Left!,0
Limited stock Only 2 left,0
Only 2 Left!,0
There are only 1 item left in stock.,0
(ONLY 1 LEFT IN THIS SIZE!),0
(only 5 left),0
Only 1 item left in stock,0
"Order soon, only 1 left!",0
1 in Stock,0
Only 1 Left in Stock. Buy Soon!,0
Hurry Low Stock,0
Hurry! Only 1 left in size M!!,0
"Hurry, only 6 left in stock!",0
BOTTLES LEFT 3,0
We only have few stocks left for this product. Please don't miss the chance.,0
Limited stock available,0
ALMOST GONE - only 2 remaining!,0
5 in stock,0
We only have 5 left!,0
Availability: In Stock Hurry! Only 8 Left!,0
Only 3 items left,0
67% offers claimed. Hurry up!,0
Hurry !! Only 52 left in stock,0
320 items left,0
ONLY A FEW LEFT!,0
LAST CHANCE TO ACTIVATE 10% OFF,0
Hurry up! Only 4 left in stock,0
Hurry! Only 7 left in stock.,0
HURRY! ONLY 31 LEFT IN STOCK.,0
ONLY 14 LEFT AT THIS PRICE,0
"128 sold today! Hurry, only a few left!",0
Hurry! Only 6 left in stock.,0
Hurry! Only 9 left in stock.,0
"803 Claimed! Hurry, only a few left!",0
ONLY 11 LEFT,0
HURRY! ONLY 11 LEFT IN STOCK.,0
Hurry Up ! Just 2 Items Left in stock,0
Hurry! Only 4 left in stock.,0
ONLY 13 LEFT,0
HURRY! ONLY 14 LEFT IN STOCK.,0
HURRY! ONLY 58 LEFT IN STOCK!,0
